Record Length,2.500000e+03,,  -0.012420000000, 122.00000,
Sample Interval,1.000000e-05,,  -0.012410000000, 122.00000,
Trigger Point,1.242000000000e+03,,  -0.012400000000, 122.00000,
,,,  -0.012390000000, 122.00000,
,,,  -0.012380000000, 122.00000,
,,,  -0.012370000000, 120.00000,
Source,CH1,,  -0.012360000000, 120.00000,
Vertical Units,V,,  -0.012350000000, 120.00000,
Vertical Scale,5.000000e+01,,  -0.012340000000, 120.00000,
Vertical Offset,-2.000000e+00,,  -0.012330000000, 120.00000,
Horizontal Units,s,,  -0.012320000000, 118.00000,
Horizontal Scale,2.500000e-03,,  -0.012310000000, 118.00000,
Pt Fmt,Y,,  -0.012300000000, 118.00000,
Yzero,0.000000e+00,,  -0.012290000000, 118.00000,
Probe Atten,1.000000e+01,,  -0.012280000000, 118.00000,
Firmware Version,FV:v11.06,,  -0.012270000000, 116.00000,
,,,-00.012260000000, 116.00000,
,,,-00.012250000000, 116.00000,
,,,-00.012240000000, 116.00000,
,,,-00.012230000000, 116.00000,
,,,-00.012220000000, 116.00000,
,,,-00.012210000000, 114.00000,
,,,-00.012200000000, 114.00000,
,,,-00.012190000000, 114.00000,
,,,-00.012180000000, 114.00000,
,,,-00.012170000000, 114.00000,
,,,-00.012160000000, 112.00000,
,,,-00.012150000000, 112.00000,
,,,-00.012140000000, 112.00000,
,,,-00.012130000000, 110.00000,
,,,-00.012120000000, 112.00000,
,,,-00.012110000000, 110.00000,
,,,-00.012100000000, 110.00000,
,,,-00.012090000000, 110.00000,
,,,-00.012080000000, 108.00000,
,,,-00.012070000000, 108.00000,
,,,-00.012060000000, 108.00000,
,,,-00.012050000000, 108.00000,
,,,-00.012040000000, 108.00000,
,,,-00.012030000000, 106.00000,
,,,-00.012020000000, 106.00000,
,,,-00.012010000000, 106.00000,
,,,-00.012000000000, 106.00000,
,,,-00.011990000000, 106.00000,
,,,-00.011980000000, 104.00000,
,,,-00.011970000000, 104.00000,
,,,-00.011960000000, 104.00000,
,,,-00.011950000000, 104.00000,
,,,-00.011940000000, 102.00000,
,,,-00.011930000000, 102.00000,
,,,-00.011920000000, 102.00000,
,,,-00.011910000000, 102.00000,
,,,-00.011900000000, 100.00000,
,,,-00.011890000000, 100.00000,
,,,-00.011880000000, 100.00000,
,,,-00.011870000000, 100.00000,
,,,-00.011860000000,  98.00000,
,,,-00.011850000000,  98.00000,
,,,-00.011840000000,  98.00000,
,,,-00.011830000000,  98.00000,
,,,-00.011820000000,  96.00000,
,,,-00.011810000000,  96.00000,
,,,-00.011800000000,  96.00000,
,,,-00.011790000000,  96.00000,
,,,-00.011780000000,  96.00000,
,,,-00.011770000000,  94.00000,
,,,-00.011760000000,  94.00000,
,,,-00.011750000000,  94.00000,
,,,-00.011740000000,  94.00000,
,,,-00.011730000000,  94.00000,
,,,-00.011720000000,  92.00000,
,,,-00.011710000000,  92.00000,
,,,-00.011700000000,  92.00000,
,,,-00.011690000000,  92.00000,
,,,-00.011680000000,  92.00000,
,,,-00.011670000000,  90.00000,
,,,-00.011660000000,  90.00000,
,,,-00.011650000000,  90.00000,
,,,-00.011640000000,  90.00000,
,,,-00.011630000000,  90.00000,
,,,-00.011620000000,  88.00000,
,,,-00.011610000000,  88.00000,
,,,-00.011600000000,  88.00000,
,,,-00.011590000000,  88.00000,
,,,-00.011580000000,  86.00000,
,,,-00.011570000000,  86.00000,
,,,-00.011560000000,  86.00000,
,,,-00.011550000000,  86.00000,
,,,-00.011540000000,  84.00000,
,,,-00.011530000000,  84.00000,
,,,-00.011520000000,  84.00000,
,,,-00.011510000000,  84.00000,
,,,-00.011500000000,  82.00000,
,,,-00.011490000000,  82.00000,
,,,-00.011480000000,  82.00000,
,,,-00.011470000000,  82.00000,
,,,-00.011460000000,  80.00000,
,,,-00.011450000000,  80.00000,
,,,-00.011440000000,  80.00000,
,,,-00.011430000000,  80.00000,
,,,-00.011420000000,  78.00000,
,,,-00.011410000000,  78.00000,
,,,-00.011400000000,  78.00000,
,,,-00.011390000000,  76.00000,
,,,-00.011380000000,  76.00000,
,,,-00.011370000000,  76.00000,
,,,-00.011360000000,  76.00000,
,,,-00.011350000000,  74.00000,
,,,-00.011340000000,  74.00000,
,,,-00.011330000000,  74.00000,
,,,-00.011320000000,  74.00000,
,,,-00.011310000000,  74.00000,
,,,-00.011300000000,  74.00000,
,,,-00.011290000000,  72.00000,
,,,-00.011280000000,  72.00000,
,,,-00.011270000000,  72.00000,
,,,-00.011260000000,  70.00000,
,,,-00.011250000000,  70.00000,
,,,-00.011240000000,  70.00000,
,,,-00.011230000000,  70.00000,
,,,-00.011220000000,  70.00000,
,,,-00.011210000000,  68.00000,
,,,-00.011200000000,  68.00000,
,,,-00.011190000000,  68.00000,
,,,-00.011180000000,  68.00000,
,,,-00.011170000000,  66.00000,
,,,-00.011160000000,  66.00000,
,,,-00.011150000000,  66.00000,
,,,-00.011140000000,  64.00000,
,,,-00.011130000000,  64.00000,
,,,-00.011120000000,  64.00000,
,,,-00.011110000000,  64.00000,
,,,-00.011100000000,  62.00000,
,,,-00.011090000000,  62.00000,
,,,-00.011080000000,  62.00000,
,,,-00.011070000000,  62.00000,
,,,-00.011060000000,  60.00000,
,,,-00.011050000000,  60.00000,
,,,-00.011040000000,  60.00000,
,,,-00.011030000000,  60.00000,
,,,-00.011020000000,  58.00000,
,,,-00.011010000000,  58.00000,
,,,-00.011000000000,  58.00000,
,,,-00.010990000000,  56.00000,
,,,-00.010980000000,  56.00000,
,,,-00.010970000000,  56.00000,
,,,-00.010960000000,  56.00000,
,,,-00.010950000000,  54.00000,
,,,-00.010940000000,  54.00000,
,,,-00.010930000000,  54.00000,
,,,-00.010920000000,  54.00000,
,,,-00.010910000000,  54.00000,
,,,-00.010900000000,  52.00000,
,,,-00.010890000000,  52.00000,
,,,-00.010880000000,  52.00000,
,,,-00.010870000000,  50.00000,
,,,-00.010860000000,  50.00000,
,,,-00.010850000000,  50.00000,
,,,-00.010840000000,  48.00000,
,,,-00.010830000000,  48.00000,
,,,-00.010820000000,  48.00000,
,,,-00.010810000000,  48.00000,
,,,-00.010800000000,  46.00000,
,,,-00.010790000000,  46.00000,
,,,-00.010780000000,  46.00000,
,,,-00.010770000000,  46.00000,
,,,-00.010760000000,  44.00000,
,,,-00.010750000000,  44.00000,
,,,-00.010740000000,  44.00000,
,,,-00.010730000000,  42.00000,
,,,-00.010720000000,  42.00000,
,,,-00.010710000000,  42.00000,
,,,-00.010700000000,  42.00000,
,,,-00.010690000000,  40.00000,
,,,-00.010680000000,  40.00000,
,,,-00.010670000000,  40.00000,
,,,-00.010660000000,  40.00000,
,,,-00.010650000000,  38.00000,
,,,-00.010640000000,  38.00000,
,,,-00.010630000000,  38.00000,
,,,-00.010620000000,  38.00000,
,,,-00.010610000000,  36.00000,
,,,-00.010600000000,  36.00000,
,,,-00.010590000000,  36.00000,
,,,-00.010580000000,  34.00000,
,,,-00.010570000000,  34.00000,
,,,-00.010560000000,  34.00000,
,,,-00.010550000000,  34.00000,
,,,-00.010540000000,  32.00000,
,,,-00.010530000000,  32.00000,
,,,-00.010520000000,  32.00000,
,,,-00.010510000000,  32.00000,
,,,-00.010500000000,  30.00000,
,,,-00.010490000000,  30.00000,
,,,-00.010480000000,  30.00000,
,,,-00.010470000000,  28.00000,
,,,-00.010460000000,  28.00000,
,,,-00.010450000000,  28.00000,
,,,-00.010440000000,  26.00000,
,,,-00.010430000000,  26.00000,
,,,-00.010420000000,  26.00000,
,,,-00.010410000000,  26.00000,
,,,-00.010400000000,  24.00000,
,,,-00.010390000000,  24.00000,
,,,-00.010380000000,  24.00000,
,,,-00.010370000000,  22.00000,
,,,-00.010360000000,  22.00000,
,,,-00.010350000000,  22.00000,
,,,-00.010340000000,  20.00000,
,,,-00.010330000000,  20.00000,
,,,-00.010320000000,  20.00000,
,,,-00.010310000000,  20.00000,
,,,-00.010300000000,  18.00000,
,,,-00.010290000000,  18.00000,
,,,-00.010280000000,  18.00000,
,,,-00.010270000000,  16.00000,
,,,-00.010260000000,  16.00000,
,,,-00.010250000000,  16.00000,
,,,-00.010240000000,  16.00000,
,,,-00.010230000000,  14.00000,
,,,-00.010220000000,  14.00000,
,,,-00.010210000000,  14.00000,
,,,-00.010200000000,  14.00000,
,,,-00.010190000000,  12.00000,
,,,-00.010180000000,  12.00000,
,,,-00.010170000000,  12.00000,
,,,-00.010160000000,  12.00000,
,,,-00.010150000000,  10.00000,
,,,-00.010140000000,  10.00000,
,,,-00.010130000000,  10.00000,
,,,-00.010120000000,  10.00000,
,,,-00.010110000000,   8.00000,
,,,-00.010100000000,   8.00000,
,,,-00.010090000000,   8.00000,
,,,-00.010080000000,   6.00000,
,,,-00.010070000000,   6.00000,
,,,-00.010060000000,   6.00000,
,,,-00.010050000000,   6.00000,
,,,-00.010040000000,   6.00000,
,,,-00.010030000000,   4.00000,
,,,-00.010020000000,   4.00000,
,,,-00.010010000000,   4.00000,
,,,-00.010000000000,   4.00000,
,,,-00.009990000000,   4.00000,
,,,-00.009980000000,   2.00000,
,,,-00.009970000000,   2.00000,
,,,-00.009960000000,   2.00000,
,,,-00.009950000000,   2.00000,
,,,-00.009940000000,   2.00000,
,,,-00.009930000000,   0.00000,
,,,-00.009920000000,   0.00000,
,,,-00.009910000000,   0.00000,
,,,-00.009900000000,   0.00000,
,,,-00.009890000000,   0.00000,
,,,-00.009880000000,   0.00000,
,,,-00.009870000000,   0.00000,
,,,-00.009860000000,  -2.00000,
,,,-00.009850000000,  -2.00000,
,,,-00.009840000000,  -2.00000,
,,,-00.009830000000,  -2.00000,
,,,-00.009820000000,  -4.00000,
,,,-00.009810000000,  -4.00000,
,,,-00.009800000000,  -4.00000,
,,,-00.009790000000,  -4.00000,
,,,-00.009780000000,  -4.00000,
,,,-00.009770000000,  -4.00000,
,,,-00.009760000000,  -4.00000,
,,,-00.009750000000,  -4.00000,
,,,-00.009740000000,  -6.00000,
,,,-00.009730000000,  -6.00000,
,,,-00.009720000000,  -6.00000,
,,,-00.009710000000,  -6.00000,
,,,-00.009700000000,  -6.00000,
,,,-00.009690000000,  -6.00000,
,,,-00.009680000000,  -8.00000,
,,,-00.009670000000,  -8.00000,
,,,-00.009660000000,  -8.00000,
,,,-00.009650000000,  -8.00000,
,,,-00.009640000000,  -8.00000,
,,,-00.009630000000,  -8.00000,
,,,-00.009620000000, -10.00000,
,,,-00.009610000000, -10.00000,
,,,-00.009600000000, -10.00000,
,,,-00.009590000000, -10.00000,
,,,-00.009580000000, -10.00000,
,,,-00.009570000000, -12.00000,
,,,-00.009560000000, -12.00000,
,,,-00.009550000000, -12.00000,
,,,-00.009540000000, -12.00000,
,,,-00.009530000000, -12.00000,
,,,-00.009520000000, -14.00000,
,,,-00.009510000000, -14.00000,
,,,-00.009500000000, -14.00000,
,,,-00.009490000000, -14.00000,
,,,-00.009480000000, -16.00000,
,,,-00.009470000000, -16.00000,
,,,-00.009460000000, -16.00000,
,,,-00.009450000000, -16.00000,
,,,-00.009440000000, -18.00000,
,,,-00.009430000000, -18.00000,
,,,-00.009420000000, -18.00000,
,,,-00.009410000000, -18.00000,
,,,-00.009400000000, -20.00000,
,,,-00.009390000000, -20.00000,
,,,-00.009380000000, -20.00000,
,,,-00.009370000000, -20.00000,
,,,-00.009360000000, -22.00000,
,,,-00.009350000000, -22.00000,
,,,-00.009340000000, -22.00000,
,,,-00.009330000000, -24.00000,
,,,-00.009320000000, -24.00000,
,,,-00.009310000000, -24.00000,
,,,-00.009300000000, -24.00000,
,,,-00.009290000000, -24.00000,
,,,-00.009280000000, -26.00000,
,,,-00.009270000000, -26.00000,
,,,-00.009260000000, -26.00000,
,,,-00.009250000000, -28.00000,
,,,-00.009240000000, -28.00000,
,,,-00.009230000000, -28.00000,
,,,-00.009220000000, -28.00000,
,,,-00.009210000000, -30.00000,
,,,-00.009200000000, -30.00000,
,,,-00.009190000000, -32.00000,
,,,-00.009180000000, -32.00000,
,,,-00.009170000000, -32.00000,
,,,-00.009160000000, -34.00000,
,,,-00.009150000000, -34.00000,
,,,-00.009140000000, -34.00000,
,,,-00.009130000000, -36.00000,
,,,-00.009120000000, -36.00000,
,,,-00.009110000000, -36.00000,
,,,-00.009100000000, -36.00000,
,,,-00.009090000000, -38.00000,
,,,-00.009080000000, -38.00000,
,,,-00.009070000000, -38.00000,
,,,-00.009060000000, -40.00000,
,,,-00.009050000000, -40.00000,
,,,-00.009040000000, -40.00000,
,,,-00.009030000000, -42.00000,
,,,-00.009020000000, -42.00000,
,,,-00.009010000000, -42.00000,
,,,-00.009000000000, -42.00000,
,,,-00.008990000000, -44.00000,
,,,-00.008980000000, -44.00000,
,,,-00.008970000000, -44.00000,
,,,-00.008960000000, -44.00000,
,,,-00.008950000000, -46.00000,
,,,-00.008940000000, -46.00000,
,,,-00.008930000000, -46.00000,
,,,-00.008920000000, -48.00000,
,,,-00.008910000000, -48.00000,
,,,-00.008900000000, -48.00000,
,,,-00.008890000000, -50.00000,
,,,-00.008880000000, -50.00000,
,,,-00.008870000000, -50.00000,
,,,-00.008860000000, -52.00000,
,,,-00.008850000000, -52.00000,
,,,-00.008840000000, -52.00000,
,,,-00.008830000000, -54.00000,
,,,-00.008820000000, -54.00000,
,,,-00.008810000000, -54.00000,
,,,-00.008800000000, -56.00000,
,,,-00.008790000000, -56.00000,
,,,-00.008780000000, -58.00000,
,,,-00.008770000000, -58.00000,
,,,-00.008760000000, -58.00000,
,,,-00.008750000000, -58.00000,
,,,-00.008740000000, -60.00000,
,,,-00.008730000000, -60.00000,
,,,-00.008720000000, -62.00000,
,,,-00.008710000000, -62.00000,
,,,-00.008700000000, -62.00000,
,,,-00.008690000000, -64.00000,
,,,-00.008680000000, -64.00000,
,,,-00.008670000000, -64.00000,
,,,-00.008660000000, -64.00000,
,,,-00.008650000000, -64.00000,
,,,-00.008640000000, -66.00000,
,,,-00.008630000000, -66.00000,
,,,-00.008620000000, -66.00000,
,,,-00.008610000000, -68.00000,
,,,-00.008600000000, -68.00000,
,,,-00.008590000000, -70.00000,
,,,-00.008580000000, -70.00000,
,,,-00.008570000000, -70.00000,
,,,-00.008560000000, -70.00000,
,,,-00.008550000000, -72.00000,
,,,-00.008540000000, -72.00000,
,,,-00.008530000000, -72.00000,
,,,-00.008520000000, -74.00000,
,,,-00.008510000000, -74.00000,
,,,-00.008500000000, -74.00000,
,,,-00.008490000000, -76.00000,
,,,-00.008480000000, -76.00000,
,,,-00.008470000000, -76.00000,
,,,-00.008460000000, -78.00000,
,,,-00.008450000000, -78.00000,
,,,-00.008440000000, -78.00000,
,,,-00.008430000000, -80.00000,
,,,-00.008420000000, -80.00000,
,,,-00.008410000000, -80.00000,
,,,-00.008400000000, -82.00000,
,,,-00.008390000000, -82.00000,
,,,-00.008380000000, -82.00000,
,,,-00.008370000000, -84.00000,
,,,-00.008360000000, -84.00000,
,,,-00.008350000000, -84.00000,
,,,-00.008340000000, -84.00000,
,,,-00.008330000000, -86.00000,
,,,-00.008320000000, -86.00000,
,,,-00.008310000000, -86.00000,
,,,-00.008300000000, -88.00000,
,,,-00.008290000000, -88.00000,
,,,-00.008280000000, -88.00000,
,,,-00.008270000000, -90.00000,
,,,-00.008260000000, -90.00000,
,,,-00.008250000000, -90.00000,
,,,-00.008240000000, -90.00000,
,,,-00.008230000000, -92.00000,
,,,-00.008220000000, -92.00000,
,,,-00.008210000000, -92.00000,
,,,-00.008200000000, -94.00000,
,,,-00.008190000000, -94.00000,
,,,-00.008180000000, -94.00000,
,,,-00.008170000000, -96.00000,
,,,-00.008160000000, -96.00000,
,,,-00.008150000000, -96.00000,
,,,-00.008140000000, -96.00000,
,,,-00.008130000000, -98.00000,
,,,-00.008120000000, -98.00000,
,,,-00.008110000000, -98.00000,
,,,-00.008100000000,-100.00000,
,,,-00.008090000000,-100.00000,
,,,-00.008080000000,-100.00000,
,,,-00.008070000000,-102.00000,
,,,-00.008060000000,-102.00000,
,,,-00.008050000000,-102.00000,
,,,-00.008040000000,-102.00000,
,,,-00.008030000000,-104.00000,
,,,-00.008020000000,-104.00000,
,,,-00.008010000000,-104.00000,
,,,-00.008000000000,-104.00000,
,,,-00.007990000000,-104.00000,
,,,-00.007980000000,-106.00000,
,,,-00.007970000000,-106.00000,
,,,-00.007960000000,-108.00000,
,,,-00.007950000000,-108.00000,
,,,-00.007940000000,-108.00000,
,,,-00.007930000000,-108.00000,
,,,-00.007920000000,-110.00000,
,,,-00.007910000000,-110.00000,
,,,-00.007900000000,-112.00000,
,,,-00.007890000000,-112.00000,
,,,-00.007880000000,-112.00000,
,,,-00.007870000000,-114.00000,
,,,-00.007860000000,-114.00000,
,,,-00.007850000000,-114.00000,
,,,-00.007840000000,-114.00000,
,,,-00.007830000000,-114.00000,
,,,-00.007820000000,-116.00000,
,,,-00.007810000000,-116.00000,
,,,-00.007800000000,-116.00000,
,,,-00.007790000000,-118.00000,
,,,-00.007780000000,-118.00000,
,,,-00.007770000000,-118.00000,
,,,-00.007760000000,-118.00000,
,,,-00.007750000000,-120.00000,
,,,-00.007740000000,-120.00000,
,,,-00.007730000000,-120.00000,
,,,-00.007720000000,-122.00000,
,,,-00.007710000000,-122.00000,
,,,-00.007700000000,-122.00000,
,,,-00.007690000000,-122.00000,
,,,-00.007680000000,-122.00000,
,,,-00.007670000000,-124.00000,
,,,-00.007660000000,-124.00000,
,,,-00.007650000000,-124.00000,
,,,-00.007640000000,-124.00000,
,,,-00.007630000000,-124.00000,
,,,-00.007620000000,-126.00000,
,,,-00.007610000000,-126.00000,
,,,-00.007600000000,-126.00000,
,,,-00.007590000000,-128.00000,
,,,-00.007580000000,-128.00000,
,,,-00.007570000000,-128.00000,
,,,-00.007560000000,-128.00000,
,,,-00.007550000000,-128.00000,
,,,-00.007540000000,-130.00000,
,,,-00.007530000000,-130.00000,
,,,-00.007520000000,-130.00000,
,,,-00.007510000000,-132.00000,
,,,-00.007500000000,-132.00000,
,,,-00.007490000000,-132.00000,
,,,-00.007480000000,-132.00000,
,,,-00.007470000000,-132.00000,
,,,-00.007460000000,-134.00000,
,,,-00.007450000000,-134.00000,
,,,-00.007440000000,-134.00000,
,,,-00.007430000000,-134.00000,
,,,-00.007420000000,-134.00000,
,,,-00.007410000000,-136.00000,
,,,-00.007400000000,-136.00000,
,,,-00.007390000000,-136.00000,
,,,-00.007380000000,-136.00000,
,,,-00.007370000000,-138.00000,
,,,-00.007360000000,-138.00000,
,,,-00.007350000000,-138.00000,
,,,-00.007340000000,-140.00000,
,,,-00.007330000000,-140.00000,
,,,-00.007320000000,-140.00000,
,,,-00.007310000000,-140.00000,
,,,-00.007300000000,-142.00000,
,,,-00.007290000000,-142.00000,
,,,-00.007280000000,-142.00000,
,,,-00.007270000000,-142.00000,
,,,-00.007260000000,-142.00000,
,,,-00.007250000000,-144.00000,
,,,-00.007240000000,-144.00000,
,,,-00.007230000000,-144.00000,
,,,-00.007220000000,-144.00000,
,,,-00.007210000000,-144.00000,
,,,-00.007200000000,-146.00000,
,,,-00.007190000000,-146.00000,
,,,-00.007180000000,-146.00000,
,,,-00.007170000000,-146.00000,
,,,-00.007160000000,-146.00000,
,,,-00.007150000000,-146.00000,
,,,-00.007140000000,-146.00000,
,,,-00.007130000000,-148.00000,
,,,-00.007120000000,-148.00000,
,,,-00.007110000000,-148.00000,
,,,-00.007100000000,-148.00000,
,,,-00.007090000000,-148.00000,
,,,-00.007080000000,-150.00000,
,,,-00.007070000000,-148.00000,
,,,-00.007060000000,-150.00000,
,,,-00.007050000000,-150.00000,
,,,-00.007040000000,-150.00000,
,,,-00.007030000000,-152.00000,
,,,-00.007020000000,-150.00000,
,,,-00.007010000000,-152.00000,
,,,-00.007000000000,-152.00000,
,,,-00.006990000000,-152.00000,
,,,-00.006980000000,-152.00000,
,,,-00.006970000000,-152.00000,
,,,-00.006960000000,-152.00000,
,,,-00.006950000000,-154.00000,
,,,-00.006940000000,-154.00000,
,,,-00.006930000000,-154.00000,
,,,-00.006920000000,-154.00000,
,,,-00.006910000000,-154.00000,
,,,-00.006900000000,-156.00000,
,,,-00.006890000000,-156.00000,
,,,-00.006880000000,-156.00000,
,,,-00.006870000000,-156.00000,
,,,-00.006860000000,-156.00000,
,,,-00.006850000000,-156.00000,
,,,-00.006840000000,-156.00000,
,,,-00.006830000000,-158.00000,
,,,-00.006820000000,-158.00000,
,,,-00.006810000000,-158.00000,
,,,-00.006800000000,-158.00000,
,,,-00.006790000000,-158.00000,
,,,-00.006780000000,-158.00000,
,,,-00.006770000000,-160.00000,
,,,-00.006760000000,-158.00000,
,,,-00.006750000000,-160.00000,
,,,-00.006740000000,-160.00000,
,,,-00.006730000000,-160.00000,
,,,-00.006720000000,-160.00000,
,,,-00.006710000000,-160.00000,
,,,-00.006700000000,-160.00000,
,,,-00.006690000000,-162.00000,
,,,-00.006680000000,-162.00000,
,,,-00.006670000000,-162.00000,
,,,-00.006660000000,-162.00000,
,,,-00.006650000000,-162.00000,
,,,-00.006640000000,-162.00000,
,,,-00.006630000000,-162.00000,
,,,-00.006620000000,-164.00000,
,,,-00.006610000000,-162.00000,
,,,-00.006600000000,-164.00000,
,,,-00.006590000000,-164.00000,
,,,-00.006580000000,-164.00000,
,,,-00.006570000000,-164.00000,
,,,-00.006560000000,-164.00000,
,,,-00.006550000000,-164.00000,
,,,-00.006540000000,-166.00000,
,,,-00.006530000000,-166.00000,
,,,-00.006520000000,-166.00000,
,,,-00.006510000000,-166.00000,
,,,-00.006500000000,-166.00000,
,,,-00.006490000000,-166.00000,
,,,-00.006480000000,-166.00000,
,,,-00.006470000000,-166.00000,
,,,-00.006460000000,-166.00000,
,,,-00.006450000000,-166.00000,
,,,-00.006440000000,-166.00000,
,,,-00.006430000000,-166.00000,
,,,-00.006420000000,-166.00000,
,,,-00.006410000000,-168.00000,
,,,-00.006400000000,-166.00000,
,,,-00.006390000000,-168.00000,
,,,-00.006380000000,-168.00000,
,,,-00.006370000000,-168.00000,
,,,-00.006360000000,-168.00000,
,,,-00.006350000000,-168.00000,
,,,-00.006340000000,-168.00000,
,,,-00.006330000000,-168.00000,
,,,-00.006320000000,-168.00000,
,,,-00.006310000000,-168.00000,
,,,-00.006300000000,-168.00000,
,,,-00.006290000000,-168.00000,
,,,-00.006280000000,-170.00000,
,,,-00.006270000000,-168.00000,
,,,-00.006260000000,-170.00000,
,,,-00.006250000000,-168.00000,
,,,-00.006240000000,-170.00000,
,,,-00.006230000000,-170.00000,
,,,-00.006220000000,-170.00000,
,,,-00.006210000000,-170.00000,
,,,-00.006200000000,-170.00000,
,,,-00.006190000000,-170.00000,
,,,-00.006180000000,-170.00000,
,,,-00.006170000000,-170.00000,
,,,-00.006160000000,-170.00000,
,,,-00.006150000000,-170.00000,
,,,-00.006140000000,-170.00000,
,,,-00.006130000000,-170.00000,
,,,-00.006120000000,-170.00000,
,,,-00.006110000000,-172.00000,
,,,-00.006100000000,-170.00000,
,,,-00.006090000000,-170.00000,
,,,-00.006080000000,-172.00000,
,,,-00.006070000000,-172.00000,
,,,-00.006060000000,-172.00000,
,,,-00.006050000000,-172.00000,
,,,-00.006040000000,-172.00000,
,,,-00.006030000000,-172.00000,
,,,-00.006020000000,-172.00000,
,,,-00.006010000000,-172.00000,
,,,-00.006000000000,-172.00000,
,,,-00.005990000000,-172.00000,
,,,-00.005980000000,-172.00000,
,,,-00.005970000000,-172.00000,
,,,-00.005960000000,-172.00000,
,,,-00.005950000000,-172.00000,
,,,-00.005940000000,-172.00000,
,,,-00.005930000000,-172.00000,
,,,-00.005920000000,-172.00000,
,,,-00.005910000000,-172.00000,
,,,-00.005900000000,-174.00000,
,,,-00.005890000000,-172.00000,
,,,-00.005880000000,-172.00000,
,,,-00.005870000000,-172.00000,
,,,-00.005860000000,-172.00000,
,,,-00.005850000000,-174.00000,
,,,-00.005840000000,-172.00000,
,,,-00.005830000000,-174.00000,
,,,-00.005820000000,-174.00000,
,,,-00.005810000000,-174.00000,
,,,-00.005800000000,-174.00000,
,,,-00.005790000000,-172.00000,
,,,-00.005780000000,-174.00000,
,,,-00.005770000000,-174.00000,
,,,-00.005760000000,-174.00000,
,,,-00.005750000000,-174.00000,
,,,-00.005740000000,-174.00000,
,,,-00.005730000000,-174.00000,
,,,-00.005720000000,-174.00000,
,,,-00.005710000000,-174.00000,
,,,-00.005700000000,-174.00000,
,,,-00.005690000000,-174.00000,
,,,-00.005680000000,-174.00000,
,,,-00.005670000000,-174.00000,
,,,-00.005660000000,-174.00000,
,,,-00.005650000000,-174.00000,
,,,-00.005640000000,-174.00000,
,,,-00.005630000000,-174.00000,
,,,-00.005620000000,-174.00000,
,,,-00.005610000000,-174.00000,
,,,-00.005600000000,-174.00000,
,,,-00.005590000000,-174.00000,
,,,-00.005580000000,-174.00000,
,,,-00.005570000000,-174.00000,
,,,-00.005560000000,-174.00000,
,,,-00.005550000000,-174.00000,
,,,-00.005540000000,-174.00000,
,,,-00.005530000000,-174.00000,
,,,-00.005520000000,-174.00000,
,,,-00.005510000000,-174.00000,
,,,-00.005500000000,-174.00000,
,,,-00.005490000000,-174.00000,
,,,-00.005480000000,-174.00000,
,,,-00.005470000000,-174.00000,
,,,-00.005460000000,-174.00000,
,,,-00.005450000000,-174.00000,
,,,-00.005440000000,-174.00000,
,,,-00.005430000000,-174.00000,
,,,-00.005420000000,-174.00000,
,,,-00.005410000000,-174.00000,
,,,-00.005400000000,-174.00000,
,,,-00.005390000000,-174.00000,
,,,-00.005380000000,-174.00000,
,,,-00.005370000000,-174.00000,
,,,-00.005360000000,-174.00000,
,,,-00.005350000000,-174.00000,
,,,-00.005340000000,-174.00000,
,,,-00.005330000000,-172.00000,
,,,-00.005320000000,-174.00000,
,,,-00.005310000000,-174.00000,
,,,-00.005300000000,-172.00000,
,,,-00.005290000000,-174.00000,
,,,-00.005280000000,-172.00000,
,,,-00.005270000000,-172.00000,
,,,-00.005260000000,-172.00000,
,,,-00.005250000000,-172.00000,
,,,-00.005240000000,-172.00000,
,,,-00.005230000000,-172.00000,
,,,-00.005220000000,-172.00000,
,,,-00.005210000000,-172.00000,
,,,-00.005200000000,-172.00000,
,,,-00.005190000000,-172.00000,
,,,-00.005180000000,-172.00000,
,,,-00.005170000000,-172.00000,
,,,-00.005160000000,-172.00000,
,,,-00.005150000000,-172.00000,
,,,-00.005140000000,-172.00000,
,,,-00.005130000000,-172.00000,
,,,-00.005120000000,-172.00000,
,,,-00.005110000000,-172.00000,
,,,-00.005100000000,-172.00000,
,,,-00.005090000000,-170.00000,
,,,-00.005080000000,-172.00000,
,,,-00.005070000000,-170.00000,
,,,-00.005060000000,-170.00000,
,,,-00.005050000000,-170.00000,
,,,-00.005040000000,-170.00000,
,,,-00.005030000000,-170.00000,
,,,-00.005020000000,-170.00000,
,,,-00.005010000000,-170.00000,
,,,-00.005000000000,-170.00000,
,,,-00.004990000000,-170.00000,
,,,-00.004980000000,-170.00000,
,,,-00.004970000000,-168.00000,
,,,-00.004960000000,-170.00000,
,,,-00.004950000000,-170.00000,
,,,-00.004940000000,-168.00000,
,,,-00.004930000000,-170.00000,
,,,-00.004920000000,-168.00000,
,,,-00.004910000000,-168.00000,
,,,-00.004900000000,-168.00000,
,,,-00.004890000000,-168.00000,
,,,-00.004880000000,-168.00000,
,,,-00.004870000000,-168.00000,
,,,-00.004860000000,-168.00000,
,,,-00.004850000000,-168.00000,
,,,-00.004840000000,-166.00000,
,,,-00.004830000000,-168.00000,
,,,-00.004820000000,-166.00000,
,,,-00.004810000000,-166.00000,
,,,-00.004800000000,-166.00000,
,,,-00.004790000000,-166.00000,
,,,-00.004780000000,-166.00000,
,,,-00.004770000000,-166.00000,
,,,-00.004760000000,-166.00000,
,,,-00.004750000000,-166.00000,
,,,-00.004740000000,-166.00000,
,,,-00.004730000000,-166.00000,
,,,-00.004720000000,-166.00000,
,,,-00.004710000000,-164.00000,
,,,-00.004700000000,-164.00000,
,,,-00.004690000000,-164.00000,
,,,-00.004680000000,-164.00000,
,,,-00.004670000000,-164.00000,
,,,-00.004660000000,-164.00000,
,,,-00.004650000000,-164.00000,
,,,-00.004640000000,-164.00000,
,,,-00.004630000000,-164.00000,
,,,-00.004620000000,-164.00000,
,,,-00.004610000000,-162.00000,
,,,-00.004600000000,-162.00000,
,,,-00.004590000000,-162.00000,
,,,-00.004580000000,-162.00000,
,,,-00.004570000000,-162.00000,
,,,-00.004560000000,-162.00000,
,,,-00.004550000000,-162.00000,
,,,-00.004540000000,-162.00000,
,,,-00.004530000000,-160.00000,
,,,-00.004520000000,-162.00000,
,,,-00.004510000000,-160.00000,
,,,-00.004500000000,-160.00000,
,,,-00.004490000000,-160.00000,
,,,-00.004480000000,-160.00000,
,,,-00.004470000000,-160.00000,
,,,-00.004460000000,-158.00000,
,,,-00.004450000000,-160.00000,
,,,-00.004440000000,-158.00000,
,,,-00.004430000000,-158.00000,
,,,-00.004420000000,-158.00000,
,,,-00.004410000000,-158.00000,
,,,-00.004400000000,-158.00000,
,,,-00.004390000000,-158.00000,
,,,-00.004380000000,-158.00000,
,,,-00.004370000000,-158.00000,
,,,-00.004360000000,-156.00000,
,,,-00.004350000000,-156.00000,
,,,-00.004340000000,-156.00000,
,,,-00.004330000000,-156.00000,
,,,-00.004320000000,-156.00000,
,,,-00.004310000000,-156.00000,
,,,-00.004300000000,-156.00000,
,,,-00.004290000000,-156.00000,
,,,-00.004280000000,-156.00000,
,,,-00.004270000000,-156.00000,
,,,-00.004260000000,-154.00000,
,,,-00.004250000000,-154.00000,
,,,-00.004240000000,-154.00000,
,,,-00.004230000000,-154.00000,
,,,-00.004220000000,-154.00000,
,,,-00.004210000000,-154.00000,
,,,-00.004200000000,-152.00000,
,,,-00.004190000000,-152.00000,
,,,-00.004180000000,-152.00000,
,,,-00.004170000000,-152.00000,
,,,-00.004160000000,-152.00000,
,,,-00.004150000000,-152.00000,
,,,-00.004140000000,-152.00000,
,,,-00.004130000000,-152.00000,
,,,-00.004120000000,-150.00000,
,,,-00.004110000000,-150.00000,
,,,-00.004100000000,-150.00000,
,,,-00.004090000000,-150.00000,
,,,-00.004080000000,-150.00000,
,,,-00.004070000000,-150.00000,
,,,-00.004060000000,-150.00000,
,,,-00.004050000000,-148.00000,
,,,-00.004040000000,-148.00000,
,,,-00.004030000000,-148.00000,
,,,-00.004020000000,-148.00000,
,,,-00.004010000000,-148.00000,
,,,-00.004000000000,-146.00000,
,,,-00.003990000000,-146.00000,
,,,-00.003980000000,-146.00000,
,,,-00.003970000000,-146.00000,
,,,-00.003960000000,-146.00000,
,,,-00.003950000000,-146.00000,
,,,-00.003940000000,-146.00000,
,,,-00.003930000000,-146.00000,
,,,-00.003920000000,-146.00000,
,,,-00.003910000000,-146.00000,
,,,-00.003900000000,-144.00000,
,,,-00.003890000000,-144.00000,
,,,-00.003880000000,-144.00000,
,,,-00.003870000000,-144.00000,
,,,-00.003860000000,-144.00000,
,,,-00.003850000000,-144.00000,
,,,-00.003840000000,-142.00000,
,,,-00.003830000000,-142.00000,
,,,-00.003820000000,-142.00000,
,,,-00.003810000000,-142.00000,
,,,-00.003800000000,-142.00000,
,,,-00.003790000000,-142.00000,
,,,-00.003780000000,-142.00000,
,,,-00.003770000000,-142.00000,
,,,-00.003760000000,-140.00000,
,,,-00.003750000000,-140.00000,
,,,-00.003740000000,-140.00000,
,,,-00.003730000000,-140.00000,
,,,-00.003720000000,-140.00000,
,,,-00.003710000000,-138.00000,
,,,-00.003700000000,-140.00000,
,,,-00.003690000000,-138.00000,
,,,-00.003680000000,-138.00000,
,,,-00.003670000000,-138.00000,
,,,-00.003660000000,-136.00000,
,,,-00.003650000000,-136.00000,
,,,-00.003640000000,-136.00000,
,,,-00.003630000000,-136.00000,
,,,-00.003620000000,-136.00000,
,,,-00.003610000000,-134.00000,
,,,-00.003600000000,-134.00000,
,,,-00.003590000000,-134.00000,
,,,-00.003580000000,-134.00000,
,,,-00.003570000000,-134.00000,
,,,-00.003560000000,-134.00000,
,,,-00.003550000000,-134.00000,
,,,-00.003540000000,-132.00000,
,,,-00.003530000000,-132.00000,
,,,-00.003520000000,-132.00000,
,,,-00.003510000000,-132.00000,
,,,-00.003500000000,-132.00000,
,,,-00.003490000000,-130.00000,
,,,-00.003480000000,-130.00000,
,,,-00.003470000000,-130.00000,
,,,-00.003460000000,-130.00000,
,,,-00.003450000000,-130.00000,
,,,-00.003440000000,-128.00000,
,,,-00.003430000000,-128.00000,
,,,-00.003420000000,-128.00000,
,,,-00.003410000000,-128.00000,
,,,-00.003400000000,-128.00000,
,,,-00.003390000000,-128.00000,
,,,-00.003380000000,-126.00000,
,,,-00.003370000000,-126.00000,
,,,-00.003360000000,-126.00000,
,,,-00.003350000000,-126.00000,
,,,-00.003340000000,-126.00000,
,,,-00.003330000000,-124.00000,
,,,-00.003320000000,-124.00000,
,,,-00.003310000000,-124.00000,
,,,-00.003300000000,-124.00000,
,,,-00.003290000000,-124.00000,
,,,-00.003280000000,-124.00000,
,,,-00.003270000000,-124.00000,
,,,-00.003260000000,-122.00000,
,,,-00.003250000000,-122.00000,
,,,-00.003240000000,-122.00000,
,,,-00.003230000000,-122.00000,
,,,-00.003220000000,-122.00000,
,,,-00.003210000000,-122.00000,
,,,-00.003200000000,-120.00000,
,,,-00.003190000000,-120.00000,
,,,-00.003180000000,-120.00000,
,,,-00.003170000000,-120.00000,
,,,-00.003160000000,-120.00000,
,,,-00.003150000000,-118.00000,
,,,-00.003140000000,-118.00000,
,,,-00.003130000000,-118.00000,
,,,-00.003120000000,-118.00000,
,,,-00.003110000000,-118.00000,
,,,-00.003100000000,-116.00000,
,,,-00.003090000000,-116.00000,
,,,-00.003080000000,-116.00000,
,,,-00.003070000000,-116.00000,
,,,-00.003060000000,-116.00000,
,,,-00.003050000000,-114.00000,
,,,-00.003040000000,-114.00000,
,,,-00.003030000000,-114.00000,
,,,-00.003020000000,-114.00000,
,,,-00.003010000000,-114.00000,
,,,-00.003000000000,-112.00000,
,,,-00.002990000000,-112.00000,
,,,-00.002980000000,-112.00000,
,,,-00.002970000000,-110.00000,
,,,-00.002960000000,-110.00000,
,,,-00.002950000000,-110.00000,
,,,-00.002940000000,-110.00000,
,,,-00.002930000000,-110.00000,
,,,-00.002920000000,-108.00000,
,,,-00.002910000000,-108.00000,
,,,-00.002900000000,-108.00000,
,,,-00.002890000000,-108.00000,
,,,-00.002880000000,-106.00000,
,,,-00.002870000000,-106.00000,
,,,-00.002860000000,-106.00000,
,,,-00.002850000000,-106.00000,
,,,-00.002840000000,-106.00000,
,,,-00.002830000000,-104.00000,
,,,-00.002820000000,-104.00000,
,,,-00.002810000000,-104.00000,
,,,-00.002800000000,-104.00000,
,,,-00.002790000000,-104.00000,
,,,-00.002780000000,-104.00000,
,,,-00.002770000000,-102.00000,
,,,-00.002760000000,-102.00000,
,,,-00.002750000000,-102.00000,
,,,-00.002740000000,-102.00000,
,,,-00.002730000000,-102.00000,
,,,-00.002720000000,-100.00000,
,,,-00.002710000000,-100.00000,
,,,-00.002700000000,-100.00000,
,,,-00.002690000000,-100.00000,
,,,-00.002680000000, -98.00000,
,,,-00.002670000000, -98.00000,
,,,-00.002660000000, -98.00000,
,,,-00.002650000000, -98.00000,
,,,-00.002640000000, -96.00000,
,,,-00.002630000000, -96.00000,
,,,-00.002620000000, -96.00000,
,,,-00.002610000000, -96.00000,
,,,-00.002600000000, -96.00000,
,,,-00.002590000000, -94.00000,
,,,-00.002580000000, -94.00000,
,,,-00.002570000000, -94.00000,
,,,-00.002560000000, -94.00000,
,,,-00.002550000000, -92.00000,
,,,-00.002540000000, -92.00000,
,,,-00.002530000000, -92.00000,
,,,-00.002520000000, -92.00000,
,,,-00.002510000000, -90.00000,
,,,-00.002500000000, -90.00000,
,,,-00.002490000000, -90.00000,
,,,-00.002480000000, -90.00000,
,,,-00.002470000000, -90.00000,
,,,-00.002460000000, -88.00000,
,,,-00.002450000000, -88.00000,
,,,-00.002440000000, -88.00000,
,,,-00.002430000000, -88.00000,
,,,-00.002420000000, -88.00000,
,,,-00.002410000000, -86.00000,
,,,-00.002400000000, -86.00000,
,,,-00.002390000000, -86.00000,
,,,-00.002380000000, -86.00000,
,,,-00.002370000000, -84.00000,
,,,-00.002360000000, -84.00000,
,,,-00.002350000000, -84.00000,
,,,-00.002340000000, -84.00000,
,,,-00.002330000000, -84.00000,
,,,-00.002320000000, -82.00000,
,,,-00.002310000000, -82.00000,
,,,-00.002300000000, -82.00000,
,,,-00.002290000000, -82.00000,
,,,-00.002280000000, -80.00000,
,,,-00.002270000000, -80.00000,
,,,-00.002260000000, -80.00000,
,,,-00.002250000000, -80.00000,
,,,-00.002240000000, -78.00000,
,,,-00.002230000000, -78.00000,
,,,-00.002220000000, -78.00000,
,,,-00.002210000000, -78.00000,
,,,-00.002200000000, -76.00000,
,,,-00.002190000000, -76.00000,
,,,-00.002180000000, -76.00000,
,,,-00.002170000000, -76.00000,
,,,-00.002160000000, -74.00000,
,,,-00.002150000000, -74.00000,
,,,-00.002140000000, -74.00000,
,,,-00.002130000000, -74.00000,
,,,-00.002120000000, -72.00000,
,,,-00.002110000000, -72.00000,
,,,-00.002100000000, -72.00000,
,,,-00.002090000000, -72.00000,
,,,-00.002080000000, -70.00000,
,,,-00.002070000000, -70.00000,
,,,-00.002060000000, -70.00000,
,,,-00.002050000000, -70.00000,
,,,-00.002040000000, -68.00000,
,,,-00.002030000000, -68.00000,
,,,-00.002020000000, -68.00000,
,,,-00.002010000000, -68.00000,
,,,-00.002000000000, -66.00000,
,,,-00.001990000000, -66.00000,
,,,-00.001980000000, -66.00000,
,,,-00.001970000000, -66.00000,
,,,-00.001960000000, -64.00000,
,,,-00.001950000000, -64.00000,
,,,-00.001940000000, -64.00000,
,,,-00.001930000000, -64.00000,
,,,-00.001920000000, -64.00000,
,,,-00.001910000000, -62.00000,
,,,-00.001900000000, -62.00000,
,,,-00.001890000000, -62.00000,
,,,-00.001880000000, -62.00000,
,,,-00.001870000000, -60.00000,
,,,-00.001860000000, -60.00000,
,,,-00.001850000000, -60.00000,
,,,-00.001840000000, -60.00000,
,,,-00.001830000000, -58.00000,
,,,-00.001820000000, -58.00000,
,,,-00.001810000000, -58.00000,
,,,-00.001800000000, -56.00000,
,,,-00.001790000000, -56.00000,
,,,-00.001780000000, -56.00000,
,,,-00.001770000000, -54.00000,
,,,-00.001760000000, -54.00000,
,,,-00.001750000000, -54.00000,
,,,-00.001740000000, -54.00000,
,,,-00.001730000000, -52.00000,
,,,-00.001720000000, -52.00000,
,,,-00.001710000000, -52.00000,
,,,-00.001700000000, -52.00000,
,,,-00.001690000000, -50.00000,
,,,-00.001680000000, -50.00000,
,,,-00.001670000000, -50.00000,
,,,-00.001660000000, -48.00000,
,,,-00.001650000000, -48.00000,
,,,-00.001640000000, -48.00000,
,,,-00.001630000000, -48.00000,
,,,-00.001620000000, -46.00000,
,,,-00.001610000000, -46.00000,
,,,-00.001600000000, -46.00000,
,,,-00.001590000000, -46.00000,
,,,-00.001580000000, -44.00000,
,,,-00.001570000000, -44.00000,
,,,-00.001560000000, -44.00000,
,,,-00.001550000000, -44.00000,
,,,-00.001540000000, -42.00000,
,,,-00.001530000000, -42.00000,
,,,-00.001520000000, -42.00000,
,,,-00.001510000000, -42.00000,
,,,-00.001500000000, -40.00000,
,,,-00.001490000000, -40.00000,
,,,-00.001480000000, -40.00000,
,,,-00.001470000000, -38.00000,
,,,-00.001460000000, -38.00000,
,,,-00.001450000000, -38.00000,
,,,-00.001440000000, -38.00000,
,,,-00.001430000000, -36.00000,
,,,-00.001420000000, -36.00000,
,,,-00.001410000000, -36.00000,
,,,-00.001400000000, -36.00000,
,,,-00.001390000000, -34.00000,
,,,-00.001380000000, -34.00000,
,,,-00.001370000000, -34.00000,
,,,-00.001360000000, -32.00000,
,,,-00.001350000000, -32.00000,
,,,-00.001340000000, -32.00000,
,,,-00.001330000000, -32.00000,
,,,-00.001320000000, -30.00000,
,,,-00.001310000000, -30.00000,
,,,-00.001300000000, -28.00000,
,,,-00.001290000000, -28.00000,
,,,-00.001280000000, -28.00000,
,,,-00.001270000000, -28.00000,
,,,-00.001260000000, -26.00000,
,,,-00.001250000000, -26.00000,
,,,-00.001240000000, -26.00000,
,,,-00.001230000000, -24.00000,
,,,-00.001220000000, -24.00000,
,,,-00.001210000000, -24.00000,
,,,-00.001200000000, -24.00000,
,,,-00.001190000000, -22.00000,
,,,-00.001180000000, -22.00000,
,,,-00.001170000000, -22.00000,
,,,-00.001160000000, -22.00000,
,,,-00.001150000000, -20.00000,
,,,-00.001140000000, -20.00000,
,,,-00.001130000000, -20.00000,
,,,-00.001120000000, -20.00000,
,,,-00.001110000000, -18.00000,
,,,-00.001100000000, -18.00000,
,,,-00.001090000000, -18.00000,
,,,-00.001080000000, -16.00000,
,,,-00.001070000000, -16.00000,
,,,-00.001060000000, -16.00000,
,,,-00.001050000000, -16.00000,
,,,-00.001040000000, -14.00000,
,,,-00.001030000000, -14.00000,
,,,-00.001020000000, -14.00000,
,,,-00.001010000000, -14.00000,
,,,-00.001000000000, -12.00000,
,,,-00.000990000000, -12.00000,
,,,-00.000980000000, -12.00000,
,,,-00.000970000000, -10.00000,
,,,-00.000960000000, -10.00000,
,,,-00.000950000000, -10.00000,
,,,-00.000940000000,  -8.00000,
,,,-00.000930000000,  -8.00000,
,,,-00.000920000000,  -8.00000,
,,,-00.000910000000,  -8.00000,
,,,-00.000900000000,  -6.00000,
,,,-00.000890000000,  -6.00000,
,,,-00.000880000000,  -6.00000,
,,,-00.000870000000,  -6.00000,
,,,-00.000860000000,  -6.00000,
,,,-00.000850000000,  -4.00000,
,,,-00.000840000000,  -4.00000,
,,,-00.000830000000,  -4.00000,
,,,-00.000820000000,  -4.00000,
,,,-00.000810000000,  -2.00000,
,,,-00.000800000000,  -2.00000,
,,,-00.000790000000,  -2.00000,
,,,-00.000780000000,  -2.00000,
,,,-00.000770000000,   0.00000,
,,,-00.000760000000,   0.00000,
,,,-00.000750000000,   0.00000,
,,,-00.000740000000,   0.00000,
,,,-00.000730000000,   0.00000,
,,,-00.000720000000,   2.00000,
,,,-00.000710000000,   2.00000,
,,,-00.000700000000,   2.00000,
,,,-00.000690000000,   2.00000,
,,,-00.000680000000,   2.00000,
,,,-00.000670000000,   2.00000,
,,,-00.000660000000,   2.00000,
,,,-00.000650000000,   4.00000,
,,,-00.000640000000,   4.00000,
,,,-00.000630000000,   4.00000,
,,,-00.000620000000,   4.00000,
,,,-00.000610000000,   4.00000,
,,,-00.000600000000,   4.00000,
,,,-00.000590000000,   6.00000,
,,,-00.000580000000,   6.00000,
,,,-00.000570000000,   6.00000,
,,,-00.000560000000,   6.00000,
,,,-00.000550000000,   6.00000,
,,,-00.000540000000,   6.00000,
,,,-00.000530000000,   6.00000,
,,,-00.000520000000,   8.00000,
,,,-00.000510000000,   8.00000,
,,,-00.000500000000,   8.00000,
,,,-00.000490000000,   8.00000,
,,,-00.000480000000,   8.00000,
,,,-00.000470000000,   8.00000,
,,,-00.000460000000,  10.00000,
,,,-00.000450000000,  10.00000,
,,,-00.000440000000,  10.00000,
,,,-00.000430000000,  10.00000,
,,,-00.000420000000,  10.00000,
,,,-00.000410000000,  10.00000,
,,,-00.000400000000,  12.00000,
,,,-00.000390000000,  12.00000,
,,,-00.000380000000,  12.00000,
,,,-00.000370000000,  12.00000,
,,,-00.000360000000,  12.00000,
,,,-00.000350000000,  14.00000,
,,,-00.000340000000,  14.00000,
,,,-00.000330000000,  14.00000,
,,,-00.000320000000,  14.00000,
,,,-00.000310000000,  14.00000,
,,,-00.000300000000,  16.00000,
,,,-00.000290000000,  16.00000,
,,,-00.000280000000,  16.00000,
,,,-00.000270000000,  16.00000,
,,,-00.000260000000,  16.00000,
,,,-00.000250000000,  18.00000,
,,,-00.000240000000,  18.00000,
,,,-00.000230000000,  18.00000,
,,,-00.000220000000,  20.00000,
,,,-00.000210000000,  20.00000,
,,,-00.000200000000,  20.00000,
,,,-00.000190000000,  20.00000,
,,,-00.000180000000,  22.00000,
,,,-00.000170000000,  22.00000,
,,,-00.000160000000,  22.00000,
,,,-00.000150000000,  22.00000,
,,,-00.000140000000,  24.00000,
,,,-00.000130000000,  24.00000,
,,,-00.000120000000,  26.00000,
,,,-00.000110000000,  26.00000,
,,,-00.000100000000,  26.00000,
,,,-00.000090000000,  26.00000,
,,,-00.000080000000,  28.00000,
,,,-00.000070000000,  28.00000,
,,,-00.000060000000,  28.00000,
,,,-00.000050000000,  28.00000,
,,,-00.000040000000,  30.00000,
,,,-00.000030000000,  30.00000,
,,,-00.000020000000,  30.00000,
,,,-00.000010000000,  32.00000,
,,,-00.000000000000,  32.00000,
,,,00.000010000000,  32.00000,
,,,00.000020000000,  34.00000,
,,,00.000030000000,  34.00000,
,,,00.000040000000,  34.00000,
,,,00.000050000000,  34.00000,
,,,00.000060000000,  36.00000,
,,,00.000070000000,  36.00000,
,,,00.000080000000,  36.00000,
,,,00.000090000000,  38.00000,
,,,00.000100000000,  38.00000,
,,,00.000110000000,  38.00000,
,,,00.000120000000,  38.00000,
,,,00.000130000000,  40.00000,
,,,00.000140000000,  40.00000,
,,,00.000150000000,  40.00000,
,,,00.000160000000,  42.00000,
,,,00.000170000000,  42.00000,
,,,00.000180000000,  42.00000,
,,,00.000190000000,  44.00000,
,,,00.000200000000,  44.00000,
,,,00.000210000000,  44.00000,
,,,00.000220000000,  44.00000,
,,,00.000230000000,  46.00000,
,,,00.000240000000,  46.00000,
,,,00.000250000000,  46.00000,
,,,00.000260000000,  48.00000,
,,,00.000270000000,  48.00000,
,,,00.000280000000,  48.00000,
,,,00.000290000000,  50.00000,
,,,00.000300000000,  50.00000,
,,,00.000310000000,  50.00000,
,,,00.000320000000,  52.00000,
,,,00.000330000000,  52.00000,
,,,00.000340000000,  54.00000,
,,,00.000350000000,  54.00000,
,,,00.000360000000,  54.00000,
,,,00.000370000000,  54.00000,
,,,00.000380000000,  56.00000,
,,,00.000390000000,  56.00000,
,,,00.000400000000,  56.00000,
,,,00.000410000000,  56.00000,
,,,00.000420000000,  58.00000,
,,,00.000430000000,  58.00000,
,,,00.000440000000,  60.00000,
,,,00.000450000000,  60.00000,
,,,00.000460000000,  60.00000,
,,,00.000470000000,  62.00000,
,,,00.000480000000,  62.00000,
,,,00.000490000000,  62.00000,
,,,00.000500000000,  64.00000,
,,,00.000510000000,  64.00000,
,,,00.000520000000,  64.00000,
,,,00.000530000000,  66.00000,
,,,00.000540000000,  66.00000,
,,,00.000550000000,  66.00000,
,,,00.000560000000,  66.00000,
,,,00.000570000000,  68.00000,
,,,00.000580000000,  68.00000,
,,,00.000590000000,  70.00000,
,,,00.000600000000,  70.00000,
,,,00.000610000000,  70.00000,
,,,00.000620000000,  70.00000,
,,,00.000630000000,  72.00000,
,,,00.000640000000,  72.00000,
,,,00.000650000000,  72.00000,
,,,00.000660000000,  74.00000,
,,,00.000670000000,  74.00000,
,,,00.000680000000,  74.00000,
,,,00.000690000000,  74.00000,
,,,00.000700000000,  76.00000,
,,,00.000710000000,  76.00000,
,,,00.000720000000,  76.00000,
,,,00.000730000000,  76.00000,
,,,00.000740000000,  78.00000,
,,,00.000750000000,  80.00000,
,,,00.000760000000,  80.00000,
,,,00.000770000000,  80.00000,
,,,00.000780000000,  80.00000,
,,,00.000790000000,  82.00000,
,,,00.000800000000,  82.00000,
,,,00.000810000000,  82.00000,
,,,00.000820000000,  84.00000,
,,,00.000830000000,  84.00000,
,,,00.000840000000,  84.00000,
,,,00.000850000000,  86.00000,
,,,00.000860000000,  86.00000,
,,,00.000870000000,  86.00000,
,,,00.000880000000,  88.00000,
,,,00.000890000000,  88.00000,
,,,00.000900000000,  88.00000,
,,,00.000910000000,  90.00000,
,,,00.000920000000,  90.00000,
,,,00.000930000000,  90.00000,
,,,00.000940000000,  92.00000,
,,,00.000950000000,  92.00000,
,,,00.000960000000,  92.00000,
,,,00.000970000000,  92.00000,
,,,00.000980000000,  94.00000,
,,,00.000990000000,  94.00000,
,,,00.001000000000,  94.00000,
,,,00.001010000000,  96.00000,
,,,00.001020000000,  96.00000,
,,,00.001030000000,  96.00000,
,,,00.001040000000,  96.00000,
,,,00.001050000000,  98.00000,
,,,00.001060000000,  98.00000,
,,,00.001070000000,  98.00000,
,,,00.001080000000, 100.00000,
,,,00.001090000000, 100.00000,
,,,00.001100000000, 100.00000,
,,,00.001110000000, 102.00000,
,,,00.001120000000, 102.00000,
,,,00.001130000000, 102.00000,
,,,00.001140000000, 102.00000,
,,,00.001150000000, 104.00000,
,,,00.001160000000, 104.00000,
,,,00.001170000000, 104.00000,
,,,00.001180000000, 106.00000,
,,,00.001190000000, 106.00000,
,,,00.001200000000, 108.00000,
,,,00.001210000000, 108.00000,
,,,00.001220000000, 108.00000,
,,,00.001230000000, 108.00000,
,,,00.001240000000, 110.00000,
,,,00.001250000000, 110.00000,
,,,00.001260000000, 112.00000,
,,,00.001270000000, 110.00000,
,,,00.001280000000, 112.00000,
,,,00.001290000000, 112.00000,
,,,00.001300000000, 114.00000,
,,,00.001310000000, 114.00000,
,,,00.001320000000, 114.00000,
,,,00.001330000000, 114.00000,
,,,00.001340000000, 116.00000,
,,,00.001350000000, 116.00000,
,,,00.001360000000, 116.00000,
,,,00.001370000000, 116.00000,
,,,00.001380000000, 116.00000,
,,,00.001390000000, 118.00000,
,,,00.001400000000, 118.00000,
,,,00.001410000000, 118.00000,
,,,00.001420000000, 120.00000,
,,,00.001430000000, 120.00000,
,,,00.001440000000, 120.00000,
,,,00.001450000000, 120.00000,
,,,00.001460000000, 122.00000,
,,,00.001470000000, 122.00000,
,,,00.001480000000, 122.00000,
,,,00.001490000000, 124.00000,
,,,00.001500000000, 124.00000,
,,,00.001510000000, 124.00000,
,,,00.001520000000, 124.00000,
,,,00.001530000000, 124.00000,
,,,00.001540000000, 126.00000,
,,,00.001550000000, 126.00000,
,,,00.001560000000, 126.00000,
,,,00.001570000000, 128.00000,
,,,00.001580000000, 128.00000,
,,,00.001590000000, 128.00000,
,,,00.001600000000, 128.00000,
,,,00.001610000000, 130.00000,
,,,00.001620000000, 130.00000,
,,,00.001630000000, 130.00000,
,,,00.001640000000, 130.00000,
,,,00.001650000000, 132.00000,
,,,00.001660000000, 132.00000,
,,,00.001670000000, 134.00000,
,,,00.001680000000, 132.00000,
,,,00.001690000000, 134.00000,
,,,00.001700000000, 134.00000,
,,,00.001710000000, 134.00000,
,,,00.001720000000, 136.00000,
,,,00.001730000000, 136.00000,
,,,00.001740000000, 136.00000,
,,,00.001750000000, 136.00000,
,,,00.001760000000, 136.00000,
,,,00.001770000000, 138.00000,
,,,00.001780000000, 138.00000,
,,,00.001790000000, 138.00000,
,,,00.001800000000, 138.00000,
,,,00.001810000000, 138.00000,
,,,00.001820000000, 140.00000,
,,,00.001830000000, 140.00000,
,,,00.001840000000, 140.00000,
,,,00.001850000000, 140.00000,
,,,00.001860000000, 142.00000,
,,,00.001870000000, 142.00000,
,,,00.001880000000, 142.00000,
,,,00.001890000000, 142.00000,
,,,00.001900000000, 142.00000,
,,,00.001910000000, 144.00000,
,,,00.001920000000, 144.00000,
,,,00.001930000000, 144.00000,
,,,00.001940000000, 144.00000,
,,,00.001950000000, 144.00000,
,,,00.001960000000, 146.00000,
,,,00.001970000000, 146.00000,
,,,00.001980000000, 146.00000,
,,,00.001990000000, 146.00000,
,,,00.002000000000, 146.00000,
,,,00.002010000000, 148.00000,
,,,00.002020000000, 148.00000,
,,,00.002030000000, 148.00000,
,,,00.002040000000, 148.00000,
,,,00.002050000000, 148.00000,
,,,00.002060000000, 150.00000,
,,,00.002070000000, 150.00000,
,,,00.002080000000, 150.00000,
,,,00.002090000000, 150.00000,
,,,00.002100000000, 150.00000,
,,,00.002110000000, 152.00000,
,,,00.002120000000, 152.00000,
,,,00.002130000000, 152.00000,
,,,00.002140000000, 152.00000,
,,,00.002150000000, 152.00000,
,,,00.002160000000, 152.00000,
,,,00.002170000000, 152.00000,
,,,00.002180000000, 154.00000,
,,,00.002190000000, 154.00000,
,,,00.002200000000, 154.00000,
,,,00.002210000000, 154.00000,
,,,00.002220000000, 154.00000,
,,,00.002230000000, 156.00000,
,,,00.002240000000, 156.00000,
,,,00.002250000000, 156.00000,
,,,00.002260000000, 156.00000,
,,,00.002270000000, 156.00000,
,,,00.002280000000, 156.00000,
,,,00.002290000000, 156.00000,
,,,00.002300000000, 156.00000,
,,,00.002310000000, 158.00000,
,,,00.002320000000, 158.00000,
,,,00.002330000000, 158.00000,
,,,00.002340000000, 158.00000,
,,,00.002350000000, 158.00000,
,,,00.002360000000, 160.00000,
,,,00.002370000000, 160.00000,
,,,00.002380000000, 160.00000,
,,,00.002390000000, 160.00000,
,,,00.002400000000, 160.00000,
,,,00.002410000000, 162.00000,
,,,00.002420000000, 162.00000,
,,,00.002430000000, 162.00000,
,,,00.002440000000, 162.00000,
,,,00.002450000000, 162.00000,
,,,00.002460000000, 162.00000,
,,,00.002470000000, 162.00000,
,,,00.002480000000, 162.00000,
,,,00.002490000000, 164.00000,
,,,00.002500000000, 164.00000,
,,,00.002510000000, 164.00000,
,,,00.002520000000, 164.00000,
,,,00.002530000000, 164.00000,
,,,00.002540000000, 166.00000,
,,,00.002550000000, 164.00000,
,,,00.002560000000, 166.00000,
,,,00.002570000000, 166.00000,
,,,00.002580000000, 166.00000,
,,,00.002590000000, 166.00000,
,,,00.002600000000, 166.00000,
,,,00.002610000000, 166.00000,
,,,00.002620000000, 166.00000,
,,,00.002630000000, 166.00000,
,,,00.002640000000, 168.00000,
,,,00.002650000000, 166.00000,
,,,00.002660000000, 168.00000,
,,,00.002670000000, 168.00000,
,,,00.002680000000, 168.00000,
,,,00.002690000000, 168.00000,
,,,00.002700000000, 168.00000,
,,,00.002710000000, 168.00000,
,,,00.002720000000, 168.00000,
,,,00.002730000000, 168.00000,
,,,00.002740000000, 168.00000,
,,,00.002750000000, 168.00000,
,,,00.002760000000, 168.00000,
,,,00.002770000000, 170.00000,
,,,00.002780000000, 170.00000,
,,,00.002790000000, 170.00000,
,,,00.002800000000, 170.00000,
,,,00.002810000000, 170.00000,
,,,00.002820000000, 170.00000,
,,,00.002830000000, 170.00000,
,,,00.002840000000, 170.00000,
,,,00.002850000000, 170.00000,
,,,00.002860000000, 170.00000,
,,,00.002870000000, 170.00000,
,,,00.002880000000, 172.00000,
,,,00.002890000000, 170.00000,
,,,00.002900000000, 172.00000,
,,,00.002910000000, 170.00000,
,,,00.002920000000, 172.00000,
,,,00.002930000000, 172.00000,
,,,00.002940000000, 172.00000,
,,,00.002950000000, 172.00000,
,,,00.002960000000, 172.00000,
,,,00.002970000000, 172.00000,
,,,00.002980000000, 172.00000,
,,,00.002990000000, 172.00000,
,,,00.003000000000, 172.00000,
,,,00.003010000000, 172.00000,
,,,00.003020000000, 172.00000,
,,,00.003030000000, 172.00000,
,,,00.003040000000, 172.00000,
,,,00.003050000000, 174.00000,
,,,00.003060000000, 172.00000,
,,,00.003070000000, 172.00000,
,,,00.003080000000, 174.00000,
,,,00.003090000000, 174.00000,
,,,00.003100000000, 174.00000,
,,,00.003110000000, 174.00000,
,,,00.003120000000, 174.00000,
,,,00.003130000000, 174.00000,
,,,00.003140000000, 174.00000,
,,,00.003150000000, 174.00000,
,,,00.003160000000, 174.00000,
,,,00.003170000000, 174.00000,
,,,00.003180000000, 174.00000,
,,,00.003190000000, 174.00000,
,,,00.003200000000, 174.00000,
,,,00.003210000000, 174.00000,
,,,00.003220000000, 174.00000,
,,,00.003230000000, 174.00000,
,,,00.003240000000, 176.00000,
,,,00.003250000000, 174.00000,
,,,00.003260000000, 176.00000,
,,,00.003270000000, 174.00000,
,,,00.003280000000, 176.00000,
,,,00.003290000000, 176.00000,
,,,00.003300000000, 176.00000,
,,,00.003310000000, 176.00000,
,,,00.003320000000, 174.00000,
,,,00.003330000000, 176.00000,
,,,00.003340000000, 176.00000,
,,,00.003350000000, 176.00000,
,,,00.003360000000, 176.00000,
,,,00.003370000000, 176.00000,
,,,00.003380000000, 176.00000,
,,,00.003390000000, 176.00000,
,,,00.003400000000, 176.00000,
,,,00.003410000000, 176.00000,
,,,00.003420000000, 176.00000,
,,,00.003430000000, 176.00000,
,,,00.003440000000, 176.00000,
,,,00.003450000000, 176.00000,
,,,00.003460000000, 176.00000,
,,,00.003470000000, 176.00000,
,,,00.003480000000, 176.00000,
,,,00.003490000000, 176.00000,
,,,00.003500000000, 176.00000,
,,,00.003510000000, 176.00000,
,,,00.003520000000, 176.00000,
,,,00.003530000000, 176.00000,
,,,00.003540000000, 176.00000,
,,,00.003550000000, 176.00000,
,,,00.003560000000, 176.00000,
,,,00.003570000000, 176.00000,
,,,00.003580000000, 176.00000,
,,,00.003590000000, 176.00000,
,,,00.003600000000, 176.00000,
,,,00.003610000000, 176.00000,
,,,00.003620000000, 176.00000,
,,,00.003630000000, 176.00000,
,,,00.003640000000, 176.00000,
,,,00.003650000000, 176.00000,
,,,00.003660000000, 176.00000,
,,,00.003670000000, 176.00000,
,,,00.003680000000, 176.00000,
,,,00.003690000000, 176.00000,
,,,00.003700000000, 176.00000,
,,,00.003710000000, 176.00000,
,,,00.003720000000, 176.00000,
,,,00.003730000000, 176.00000,
,,,00.003740000000, 176.00000,
,,,00.003750000000, 176.00000,
,,,00.003760000000, 176.00000,
,,,00.003770000000, 176.00000,
,,,00.003780000000, 176.00000,
,,,00.003790000000, 176.00000,
,,,00.003800000000, 176.00000,
,,,00.003810000000, 176.00000,
,,,00.003820000000, 176.00000,
,,,00.003830000000, 176.00000,
,,,00.003840000000, 176.00000,
,,,00.003850000000, 176.00000,
,,,00.003860000000, 176.00000,
,,,00.003870000000, 176.00000,
,,,00.003880000000, 176.00000,
,,,00.003890000000, 176.00000,
,,,00.003900000000, 176.00000,
,,,00.003910000000, 176.00000,
,,,00.003920000000, 176.00000,
,,,00.003930000000, 174.00000,
,,,00.003940000000, 176.00000,
,,,00.003950000000, 176.00000,
,,,00.003960000000, 176.00000,
,,,00.003970000000, 176.00000,
,,,00.003980000000, 174.00000,
,,,00.003990000000, 174.00000,
,,,00.004000000000, 174.00000,
,,,00.004010000000, 174.00000,
,,,00.004020000000, 174.00000,
,,,00.004030000000, 174.00000,
,,,00.004040000000, 174.00000,
,,,00.004050000000, 174.00000,
,,,00.004060000000, 174.00000,
,,,00.004070000000, 174.00000,
,,,00.004080000000, 174.00000,
,,,00.004090000000, 174.00000,
,,,00.004100000000, 174.00000,
,,,00.004110000000, 174.00000,
,,,00.004120000000, 174.00000,
,,,00.004130000000, 174.00000,
,,,00.004140000000, 172.00000,
,,,00.004150000000, 174.00000,
,,,00.004160000000, 174.00000,
,,,00.004170000000, 172.00000,
,,,00.004180000000, 174.00000,
,,,00.004190000000, 172.00000,
,,,00.004200000000, 172.00000,
,,,00.004210000000, 172.00000,
,,,00.004220000000, 172.00000,
,,,00.004230000000, 172.00000,
,,,00.004240000000, 172.00000,
,,,00.004250000000, 172.00000,
,,,00.004260000000, 172.00000,
,,,00.004270000000, 172.00000,
,,,00.004280000000, 172.00000,
,,,00.004290000000, 172.00000,
,,,00.004300000000, 172.00000,
,,,00.004310000000, 172.00000,
,,,00.004320000000, 172.00000,
,,,00.004330000000, 172.00000,
,,,00.004340000000, 170.00000,
,,,00.004350000000, 170.00000,
,,,00.004360000000, 170.00000,
,,,00.004370000000, 170.00000,
,,,00.004380000000, 170.00000,
,,,00.004390000000, 170.00000,
,,,00.004400000000, 170.00000,
,,,00.004410000000, 170.00000,
,,,00.004420000000, 170.00000,
,,,00.004430000000, 170.00000,
,,,00.004440000000, 168.00000,
,,,00.004450000000, 168.00000,
,,,00.004460000000, 168.00000,
,,,00.004470000000, 168.00000,
,,,00.004480000000, 168.00000,
,,,00.004490000000, 168.00000,
,,,00.004500000000, 168.00000,
,,,00.004510000000, 168.00000,
,,,00.004520000000, 168.00000,
,,,00.004530000000, 168.00000,
,,,00.004540000000, 168.00000,
,,,00.004550000000, 166.00000,
,,,00.004560000000, 166.00000,
,,,00.004570000000, 166.00000,
,,,00.004580000000, 166.00000,
,,,00.004590000000, 166.00000,
,,,00.004600000000, 166.00000,
,,,00.004610000000, 166.00000,
,,,00.004620000000, 166.00000,
,,,00.004630000000, 166.00000,
,,,00.004640000000, 166.00000,
,,,00.004650000000, 164.00000,
,,,00.004660000000, 164.00000,
,,,00.004670000000, 164.00000,
,,,00.004680000000, 164.00000,
,,,00.004690000000, 164.00000,
,,,00.004700000000, 164.00000,
,,,00.004710000000, 164.00000,
,,,00.004720000000, 164.00000,
,,,00.004730000000, 162.00000,
,,,00.004740000000, 164.00000,
,,,00.004750000000, 162.00000,
,,,00.004760000000, 162.00000,
,,,00.004770000000, 162.00000,
,,,00.004780000000, 162.00000,
,,,00.004790000000, 162.00000,
,,,00.004800000000, 160.00000,
,,,00.004810000000, 160.00000,
,,,00.004820000000, 160.00000,
,,,00.004830000000, 160.00000,
,,,00.004840000000, 160.00000,
,,,00.004850000000, 160.00000,
,,,00.004860000000, 160.00000,
,,,00.004870000000, 160.00000,
,,,00.004880000000, 158.00000,
,,,00.004890000000, 158.00000,
,,,00.004900000000, 158.00000,
,,,00.004910000000, 158.00000,
,,,00.004920000000, 158.00000,
,,,00.004930000000, 158.00000,
,,,00.004940000000, 158.00000,
,,,00.004950000000, 158.00000,
,,,00.004960000000, 156.00000,
,,,00.004970000000, 156.00000,
,,,00.004980000000, 156.00000,
,,,00.004990000000, 156.00000,
,,,00.005000000000, 156.00000,
,,,00.005010000000, 154.00000,
,,,00.005020000000, 156.00000,
,,,00.005030000000, 154.00000,
,,,00.005040000000, 154.00000,
,,,00.005050000000, 154.00000,
,,,00.005060000000, 154.00000,
,,,00.005070000000, 154.00000,
,,,00.005080000000, 154.00000,
,,,00.005090000000, 154.00000,
,,,00.005100000000, 154.00000,
,,,00.005110000000, 152.00000,
,,,00.005120000000, 152.00000,
,,,00.005130000000, 152.00000,
,,,00.005140000000, 152.00000,
,,,00.005150000000, 152.00000,
,,,00.005160000000, 152.00000,
,,,00.005170000000, 152.00000,
,,,00.005180000000, 152.00000,
,,,00.005190000000, 150.00000,
,,,00.005200000000, 150.00000,
,,,00.005210000000, 150.00000,
,,,00.005220000000, 150.00000,
,,,00.005230000000, 150.00000,
,,,00.005240000000, 150.00000,
,,,00.005250000000, 150.00000,
,,,00.005260000000, 148.00000,
,,,00.005270000000, 148.00000,
,,,00.005280000000, 148.00000,
,,,00.005290000000, 148.00000,
,,,00.005300000000, 148.00000,
,,,00.005310000000, 148.00000,
,,,00.005320000000, 146.00000,
,,,00.005330000000, 146.00000,
,,,00.005340000000, 146.00000,
,,,00.005350000000, 146.00000,
,,,00.005360000000, 146.00000,
,,,00.005370000000, 144.00000,
,,,00.005380000000, 144.00000,
,,,00.005390000000, 144.00000,
,,,00.005400000000, 144.00000,
,,,00.005410000000, 144.00000,
,,,00.005420000000, 144.00000,
,,,00.005430000000, 144.00000,
,,,00.005440000000, 144.00000,
,,,00.005450000000, 142.00000,
,,,00.005460000000, 142.00000,
,,,00.005470000000, 142.00000,
,,,00.005480000000, 142.00000,
,,,00.005490000000, 142.00000,
,,,00.005500000000, 142.00000,
,,,00.005510000000, 142.00000,
,,,00.005520000000, 140.00000,
,,,00.005530000000, 140.00000,
,,,00.005540000000, 140.00000,
,,,00.005550000000, 140.00000,
,,,00.005560000000, 140.00000,
,,,00.005570000000, 138.00000,
,,,00.005580000000, 138.00000,
,,,00.005590000000, 138.00000,
,,,00.005600000000, 138.00000,
,,,00.005610000000, 138.00000,
,,,00.005620000000, 136.00000,
,,,00.005630000000, 136.00000,
,,,00.005640000000, 136.00000,
,,,00.005650000000, 136.00000,
,,,00.005660000000, 136.00000,
,,,00.005670000000, 136.00000,
,,,00.005680000000, 136.00000,
,,,00.005690000000, 134.00000,
,,,00.005700000000, 134.00000,
,,,00.005710000000, 134.00000,
,,,00.005720000000, 134.00000,
,,,00.005730000000, 134.00000,
,,,00.005740000000, 134.00000,
,,,00.005750000000, 132.00000,
,,,00.005760000000, 132.00000,
,,,00.005770000000, 132.00000,
,,,00.005780000000, 130.00000,
,,,00.005790000000, 130.00000,
,,,00.005800000000, 130.00000,
,,,00.005810000000, 130.00000,
,,,00.005820000000, 130.00000,
,,,00.005830000000, 128.00000,
,,,00.005840000000, 128.00000,
,,,00.005850000000, 128.00000,
,,,00.005860000000, 128.00000,
,,,00.005870000000, 128.00000,
,,,00.005880000000, 126.00000,
,,,00.005890000000, 128.00000,
,,,00.005900000000, 126.00000,
,,,00.005910000000, 126.00000,
,,,00.005920000000, 126.00000,
,,,00.005930000000, 124.00000,
,,,00.005940000000, 126.00000,
,,,00.005950000000, 124.00000,
,,,00.005960000000, 124.00000,
,,,00.005970000000, 124.00000,
,,,00.005980000000, 124.00000,
,,,00.005990000000, 124.00000,
,,,00.006000000000, 122.00000,
,,,00.006010000000, 122.00000,
,,,00.006020000000, 122.00000,
,,,00.006030000000, 122.00000,
,,,00.006040000000, 122.00000,
,,,00.006050000000, 120.00000,
,,,00.006060000000, 120.00000,
,,,00.006070000000, 120.00000,
,,,00.006080000000, 120.00000,
,,,00.006090000000, 120.00000,
,,,00.006100000000, 118.00000,
,,,00.006110000000, 118.00000,
,,,00.006120000000, 118.00000,
,,,00.006130000000, 118.00000,
,,,00.006140000000, 116.00000,
,,,00.006150000000, 116.00000,
,,,00.006160000000, 116.00000,
,,,00.006170000000, 116.00000,
,,,00.006180000000, 116.00000,
,,,00.006190000000, 116.00000,
,,,00.006200000000, 116.00000,
,,,00.006210000000, 114.00000,
,,,00.006220000000, 114.00000,
,,,00.006230000000, 114.00000,
,,,00.006240000000, 114.00000,
,,,00.006250000000, 114.00000,
,,,00.006260000000, 112.00000,
,,,00.006270000000, 112.00000,
,,,00.006280000000, 112.00000,
,,,00.006290000000, 110.00000,
,,,00.006300000000, 112.00000,
,,,00.006310000000, 110.00000,
,,,00.006320000000, 110.00000,
,,,00.006330000000, 110.00000,
,,,00.006340000000, 108.00000,
,,,00.006350000000, 108.00000,
,,,00.006360000000, 108.00000,
,,,00.006370000000, 108.00000,
,,,00.006380000000, 108.00000,
,,,00.006390000000, 106.00000,
,,,00.006400000000, 106.00000,
,,,00.006410000000, 106.00000,
,,,00.006420000000, 106.00000,
,,,00.006430000000, 106.00000,
,,,00.006440000000, 104.00000,
,,,00.006450000000, 104.00000,
,,,00.006460000000, 104.00000,
,,,00.006470000000, 104.00000,
,,,00.006480000000, 102.00000,
,,,00.006490000000, 102.00000,
,,,00.006500000000, 102.00000,
,,,00.006510000000, 102.00000,
,,,00.006520000000, 100.00000,
,,,00.006530000000, 100.00000,
,,,00.006540000000, 100.00000,
,,,00.006550000000, 100.00000,
,,,00.006560000000,  98.00000,
,,,00.006570000000,  98.00000,
,,,00.006580000000,  98.00000,
,,,00.006590000000,  98.00000,
,,,00.006600000000,  96.00000,
,,,00.006610000000,  96.00000,
,,,00.006620000000,  96.00000,
,,,00.006630000000,  96.00000,
,,,00.006640000000,  96.00000,
,,,00.006650000000,  94.00000,
,,,00.006660000000,  94.00000,
,,,00.006670000000,  94.00000,
,,,00.006680000000,  94.00000,
,,,00.006690000000,  94.00000,
,,,00.006700000000,  92.00000,
,,,00.006710000000,  92.00000,
,,,00.006720000000,  92.00000,
,,,00.006730000000,  92.00000,
,,,00.006740000000,  92.00000,
,,,00.006750000000,  90.00000,
,,,00.006760000000,  90.00000,
,,,00.006770000000,  90.00000,
,,,00.006780000000,  90.00000,
,,,00.006790000000,  90.00000,
,,,00.006800000000,  88.00000,
,,,00.006810000000,  88.00000,
,,,00.006820000000,  88.00000,
,,,00.006830000000,  88.00000,
,,,00.006840000000,  86.00000,
,,,00.006850000000,  86.00000,
,,,00.006860000000,  86.00000,
,,,00.006870000000,  86.00000,
,,,00.006880000000,  84.00000,
,,,00.006890000000,  84.00000,
,,,00.006900000000,  84.00000,
,,,00.006910000000,  84.00000,
,,,00.006920000000,  82.00000,
,,,00.006930000000,  82.00000,
,,,00.006940000000,  82.00000,
,,,00.006950000000,  82.00000,
,,,00.006960000000,  80.00000,
,,,00.006970000000,  80.00000,
,,,00.006980000000,  80.00000,
,,,00.006990000000,  80.00000,
,,,00.007000000000,  78.00000,
,,,00.007010000000,  78.00000,
,,,00.007020000000,  78.00000,
,,,00.007030000000,  76.00000,
,,,00.007040000000,  76.00000,
,,,00.007050000000,  76.00000,
,,,00.007060000000,  76.00000,
,,,00.007070000000,  74.00000,
,,,00.007080000000,  74.00000,
,,,00.007090000000,  74.00000,
,,,00.007100000000,  74.00000,
,,,00.007110000000,  74.00000,
,,,00.007120000000,  74.00000,
,,,00.007130000000,  72.00000,
,,,00.007140000000,  72.00000,
,,,00.007150000000,  72.00000,
,,,00.007160000000,  70.00000,
,,,00.007170000000,  70.00000,
,,,00.007180000000,  70.00000,
,,,00.007190000000,  70.00000,
,,,00.007200000000,  70.00000,
,,,00.007210000000,  68.00000,
,,,00.007220000000,  68.00000,
,,,00.007230000000,  68.00000,
,,,00.007240000000,  68.00000,
,,,00.007250000000,  66.00000,
,,,00.007260000000,  66.00000,
,,,00.007270000000,  66.00000,
,,,00.007280000000,  66.00000,
,,,00.007290000000,  64.00000,
,,,00.007300000000,  64.00000,
,,,00.007310000000,  64.00000,
,,,00.007320000000,  62.00000,
,,,00.007330000000,  62.00000,
,,,00.007340000000,  62.00000,
,,,00.007350000000,  62.00000,
,,,00.007360000000,  60.00000,
,,,00.007370000000,  60.00000,
,,,00.007380000000,  60.00000,
,,,00.007390000000,  60.00000,
,,,00.007400000000,  58.00000,
,,,00.007410000000,  58.00000,
,,,00.007420000000,  58.00000,
,,,00.007430000000,  58.00000,
,,,00.007440000000,  56.00000,
,,,00.007450000000,  56.00000,
,,,00.007460000000,  56.00000,
,,,00.007470000000,  54.00000,
,,,00.007480000000,  54.00000,
,,,00.007490000000,  54.00000,
,,,00.007500000000,  54.00000,
,,,00.007510000000,  54.00000,
,,,00.007520000000,  52.00000,
,,,00.007530000000,  52.00000,
,,,00.007540000000,  52.00000,
,,,00.007550000000,  50.00000,
,,,00.007560000000,  50.00000,
,,,00.007570000000,  50.00000,
,,,00.007580000000,  48.00000,
,,,00.007590000000,  48.00000,
,,,00.007600000000,  48.00000,
,,,00.007610000000,  48.00000,
,,,00.007620000000,  46.00000,
,,,00.007630000000,  46.00000,
,,,00.007640000000,  46.00000,
,,,00.007650000000,  46.00000,
,,,00.007660000000,  44.00000,
,,,00.007670000000,  44.00000,
,,,00.007680000000,  44.00000,
,,,00.007690000000,  42.00000,
,,,00.007700000000,  42.00000,
,,,00.007710000000,  42.00000,
,,,00.007720000000,  42.00000,
,,,00.007730000000,  40.00000,
,,,00.007740000000,  40.00000,
,,,00.007750000000,  40.00000,
,,,00.007760000000,  40.00000,
,,,00.007770000000,  38.00000,
,,,00.007780000000,  38.00000,
,,,00.007790000000,  38.00000,
,,,00.007800000000,  38.00000,
,,,00.007810000000,  36.00000,
,,,00.007820000000,  36.00000,
,,,00.007830000000,  34.00000,
,,,00.007840000000,  34.00000,
,,,00.007850000000,  34.00000,
,,,00.007860000000,  34.00000,
,,,00.007870000000,  34.00000,
,,,00.007880000000,  32.00000,
,,,00.007890000000,  32.00000,
,,,00.007900000000,  32.00000,
,,,00.007910000000,  32.00000,
,,,00.007920000000,  30.00000,
,,,00.007930000000,  30.00000,
,,,00.007940000000,  30.00000,
,,,00.007950000000,  28.00000,
,,,00.007960000000,  28.00000,
,,,00.007970000000,  28.00000,
,,,00.007980000000,  26.00000,
,,,00.007990000000,  26.00000,
,,,00.008000000000,  26.00000,
,,,00.008010000000,  26.00000,
,,,00.008020000000,  24.00000,
,,,00.008030000000,  24.00000,
,,,00.008040000000,  24.00000,
,,,00.008050000000,  22.00000,
,,,00.008060000000,  22.00000,
,,,00.008070000000,  22.00000,
,,,00.008080000000,  20.00000,
,,,00.008090000000,  20.00000,
,,,00.008100000000,  20.00000,
,,,00.008110000000,  20.00000,
,,,00.008120000000,  18.00000,
,,,00.008130000000,  18.00000,
,,,00.008140000000,  18.00000,
,,,00.008150000000,  16.00000,
,,,00.008160000000,  16.00000,
,,,00.008170000000,  16.00000,
,,,00.008180000000,  16.00000,
,,,00.008190000000,  14.00000,
,,,00.008200000000,  14.00000,
,,,00.008210000000,  14.00000,
,,,00.008220000000,  14.00000,
,,,00.008230000000,  12.00000,
,,,00.008240000000,  12.00000,
,,,00.008250000000,  12.00000,
,,,00.008260000000,  12.00000,
,,,00.008270000000,  10.00000,
,,,00.008280000000,  10.00000,
,,,00.008290000000,  10.00000,
,,,00.008300000000,  10.00000,
,,,00.008310000000,   8.00000,
,,,00.008320000000,   8.00000,
,,,00.008330000000,   8.00000,
,,,00.008340000000,   6.00000,
,,,00.008350000000,   6.00000,
,,,00.008360000000,   6.00000,
,,,00.008370000000,   6.00000,
,,,00.008380000000,   6.00000,
,,,00.008390000000,   4.00000,
,,,00.008400000000,   4.00000,
,,,00.008410000000,   4.00000,
,,,00.008420000000,   4.00000,
,,,00.008430000000,   4.00000,
,,,00.008440000000,   2.00000,
,,,00.008450000000,   2.00000,
,,,00.008460000000,   2.00000,
,,,00.008470000000,   2.00000,
,,,00.008480000000,   2.00000,
,,,00.008490000000,   0.00000,
,,,00.008500000000,   0.00000,
,,,00.008510000000,   0.00000,
,,,00.008520000000,   0.00000,
,,,00.008530000000,   0.00000,
,,,00.008540000000,   0.00000,
,,,00.008550000000,   0.00000,
,,,00.008560000000,  -2.00000,
,,,00.008570000000,  -2.00000,
,,,00.008580000000,  -2.00000,
,,,00.008590000000,  -2.00000,
,,,00.008600000000,  -4.00000,
,,,00.008610000000,  -4.00000,
,,,00.008620000000,  -4.00000,
,,,00.008630000000,  -4.00000,
,,,00.008640000000,  -4.00000,
,,,00.008650000000,  -4.00000,
,,,00.008660000000,  -4.00000,
,,,00.008670000000,  -6.00000,
,,,00.008680000000,  -6.00000,
,,,00.008690000000,  -6.00000,
,,,00.008700000000,  -6.00000,
,,,00.008710000000,  -6.00000,
,,,00.008720000000,  -6.00000,
,,,00.008730000000,  -6.00000,
,,,00.008740000000,  -8.00000,
,,,00.008750000000,  -8.00000,
,,,00.008760000000,  -8.00000,
,,,00.008770000000,  -8.00000,
,,,00.008780000000,  -8.00000,
,,,00.008790000000,  -8.00000,
,,,00.008800000000, -10.00000,
,,,00.008810000000, -10.00000,
,,,00.008820000000, -10.00000,
,,,00.008830000000, -10.00000,
,,,00.008840000000, -10.00000,
,,,00.008850000000, -12.00000,
,,,00.008860000000, -12.00000,
,,,00.008870000000, -12.00000,
,,,00.008880000000, -12.00000,
,,,00.008890000000, -12.00000,
,,,00.008900000000, -14.00000,
,,,00.008910000000, -14.00000,
,,,00.008920000000, -14.00000,
,,,00.008930000000, -14.00000,
,,,00.008940000000, -16.00000,
,,,00.008950000000, -16.00000,
,,,00.008960000000, -16.00000,
,,,00.008970000000, -16.00000,
,,,00.008980000000, -18.00000,
,,,00.008990000000, -18.00000,
,,,00.009000000000, -18.00000,
,,,00.009010000000, -18.00000,
,,,00.009020000000, -20.00000,
,,,00.009030000000, -20.00000,
,,,00.009040000000, -20.00000,
,,,00.009050000000, -20.00000,
,,,00.009060000000, -22.00000,
,,,00.009070000000, -22.00000,
,,,00.009080000000, -22.00000,
,,,00.009090000000, -24.00000,
,,,00.009100000000, -24.00000,
,,,00.009110000000, -24.00000,
,,,00.009120000000, -24.00000,
,,,00.009130000000, -24.00000,
,,,00.009140000000, -26.00000,
,,,00.009150000000, -26.00000,
,,,00.009160000000, -26.00000,
,,,00.009170000000, -28.00000,
,,,00.009180000000, -28.00000,
,,,00.009190000000, -28.00000,
,,,00.009200000000, -28.00000,
,,,00.009210000000, -30.00000,
,,,00.009220000000, -30.00000,
,,,00.009230000000, -32.00000,
,,,00.009240000000, -32.00000,
,,,00.009250000000, -32.00000,
,,,00.009260000000, -34.00000,
,,,00.009270000000, -34.00000,
,,,00.009280000000, -34.00000,
,,,00.009290000000, -34.00000,
,,,00.009300000000, -36.00000,
,,,00.009310000000, -36.00000,
,,,00.009320000000, -36.00000,
,,,00.009330000000, -38.00000,
,,,00.009340000000, -38.00000,
,,,00.009350000000, -38.00000,
,,,00.009360000000, -38.00000,
,,,00.009370000000, -40.00000,
,,,00.009380000000, -40.00000,
,,,00.009390000000, -42.00000,
,,,00.009400000000, -42.00000,
,,,00.009410000000, -42.00000,
,,,00.009420000000, -42.00000,
,,,00.009430000000, -44.00000,
,,,00.009440000000, -44.00000,
,,,00.009450000000, -44.00000,
,,,00.009460000000, -44.00000,
,,,00.009470000000, -46.00000,
,,,00.009480000000, -46.00000,
,,,00.009490000000, -46.00000,
,,,00.009500000000, -48.00000,
,,,00.009510000000, -48.00000,
,,,00.009520000000, -48.00000,
,,,00.009530000000, -50.00000,
,,,00.009540000000, -50.00000,
,,,00.009550000000, -50.00000,
,,,00.009560000000, -52.00000,
,,,00.009570000000, -52.00000,
,,,00.009580000000, -52.00000,
,,,00.009590000000, -54.00000,
,,,00.009600000000, -54.00000,
,,,00.009610000000, -54.00000,
,,,00.009620000000, -56.00000,
,,,00.009630000000, -56.00000,
,,,00.009640000000, -58.00000,
,,,00.009650000000, -58.00000,
,,,00.009660000000, -58.00000,
,,,00.009670000000, -58.00000,
,,,00.009680000000, -60.00000,
,,,00.009690000000, -60.00000,
,,,00.009700000000, -62.00000,
,,,00.009710000000, -62.00000,
,,,00.009720000000, -62.00000,
,,,00.009730000000, -64.00000,
,,,00.009740000000, -64.00000,
,,,00.009750000000, -64.00000,
,,,00.009760000000, -64.00000,
,,,00.009770000000, -64.00000,
,,,00.009780000000, -66.00000,
,,,00.009790000000, -66.00000,
,,,00.009800000000, -66.00000,
,,,00.009810000000, -68.00000,
,,,00.009820000000, -68.00000,
,,,00.009830000000, -70.00000,
,,,00.009840000000, -70.00000,
,,,00.009850000000, -70.00000,
,,,00.009860000000, -70.00000,
,,,00.009870000000, -72.00000,
,,,00.009880000000, -72.00000,
,,,00.009890000000, -72.00000,
,,,00.009900000000, -74.00000,
,,,00.009910000000, -74.00000,
,,,00.009920000000, -74.00000,
,,,00.009930000000, -76.00000,
,,,00.009940000000, -76.00000,
,,,00.009950000000, -76.00000,
,,,00.009960000000, -78.00000,
,,,00.009970000000, -78.00000,
,,,00.009980000000, -78.00000,
,,,00.009990000000, -80.00000,
,,,00.010000000000, -80.00000,
,,,00.010010000000, -80.00000,
,,,00.010020000000, -80.00000,
,,,00.010030000000, -82.00000,
,,,00.010040000000, -82.00000,
,,,00.010050000000, -84.00000,
,,,00.010060000000, -84.00000,
,,,00.010070000000, -84.00000,
,,,00.010080000000, -84.00000,
,,,00.010090000000, -86.00000,
,,,00.010100000000, -86.00000,
,,,00.010110000000, -86.00000,
,,,00.010120000000, -88.00000,
,,,00.010130000000, -88.00000,
,,,00.010140000000, -88.00000,
,,,00.010150000000, -90.00000,
,,,00.010160000000, -90.00000,
,,,00.010170000000, -90.00000,
,,,00.010180000000, -90.00000,
,,,00.010190000000, -92.00000,
,,,00.010200000000, -92.00000,
,,,00.010210000000, -92.00000,
,,,00.010220000000, -94.00000,
,,,00.010230000000, -94.00000,
,,,00.010240000000, -94.00000,
,,,00.010250000000, -96.00000,
,,,00.010260000000, -96.00000,
,,,00.010270000000, -96.00000,
,,,00.010280000000, -96.00000,
,,,00.010290000000, -98.00000,
,,,00.010300000000, -98.00000,
,,,00.010310000000, -98.00000,
,,,00.010320000000,-100.00000,
,,,00.010330000000,-100.00000,
,,,00.010340000000,-100.00000,
,,,00.010350000000,-102.00000,
,,,00.010360000000,-102.00000,
,,,00.010370000000,-102.00000,
,,,00.010380000000,-102.00000,
,,,00.010390000000,-104.00000,
,,,00.010400000000,-104.00000,
,,,00.010410000000,-104.00000,
,,,00.010420000000,-106.00000,
,,,00.010430000000,-106.00000,
,,,00.010440000000,-106.00000,
,,,00.010450000000,-106.00000,
,,,00.010460000000,-108.00000,
,,,00.010470000000,-108.00000,
,,,00.010480000000,-108.00000,
,,,00.010490000000,-108.00000,
,,,00.010500000000,-110.00000,
,,,00.010510000000,-110.00000,
,,,00.010520000000,-112.00000,
,,,00.010530000000,-112.00000,
,,,00.010540000000,-112.00000,
,,,00.010550000000,-114.00000,
,,,00.010560000000,-114.00000,
,,,00.010570000000,-114.00000,
,,,00.010580000000,-114.00000,
,,,00.010590000000,-114.00000,
,,,00.010600000000,-116.00000,
,,,00.010610000000,-116.00000,
,,,00.010620000000,-116.00000,
,,,00.010630000000,-118.00000,
,,,00.010640000000,-118.00000,
,,,00.010650000000,-118.00000,
,,,00.010660000000,-118.00000,
,,,00.010670000000,-120.00000,
,,,00.010680000000,-120.00000,
,,,00.010690000000,-120.00000,
,,,00.010700000000,-122.00000,
,,,00.010710000000,-122.00000,
,,,00.010720000000,-122.00000,
,,,00.010730000000,-122.00000,
,,,00.010740000000,-122.00000,
,,,00.010750000000,-124.00000,
,,,00.010760000000,-124.00000,
,,,00.010770000000,-124.00000,
,,,00.010780000000,-124.00000,
,,,00.010790000000,-124.00000,
,,,00.010800000000,-126.00000,
,,,00.010810000000,-126.00000,
,,,00.010820000000,-126.00000,
,,,00.010830000000,-128.00000,
,,,00.010840000000,-128.00000,
,,,00.010850000000,-128.00000,
,,,00.010860000000,-128.00000,
,,,00.010870000000,-128.00000,
,,,00.010880000000,-130.00000,
,,,00.010890000000,-130.00000,
,,,00.010900000000,-130.00000,
,,,00.010910000000,-132.00000,
,,,00.010920000000,-132.00000,
,,,00.010930000000,-132.00000,
,,,00.010940000000,-132.00000,
,,,00.010950000000,-132.00000,
,,,00.010960000000,-134.00000,
,,,00.010970000000,-134.00000,
,,,00.010980000000,-134.00000,
,,,00.010990000000,-134.00000,
,,,00.011000000000,-134.00000,
,,,00.011010000000,-136.00000,
,,,00.011020000000,-136.00000,
,,,00.011030000000,-136.00000,
,,,00.011040000000,-136.00000,
,,,00.011050000000,-136.00000,
,,,00.011060000000,-138.00000,
,,,00.011070000000,-138.00000,
,,,00.011080000000,-140.00000,
,,,00.011090000000,-140.00000,
,,,00.011100000000,-140.00000,
,,,00.011110000000,-140.00000,
,,,00.011120000000,-142.00000,
,,,00.011130000000,-142.00000,
,,,00.011140000000,-142.00000,
,,,00.011150000000,-142.00000,
,,,00.011160000000,-142.00000,
,,,00.011170000000,-144.00000,
,,,00.011180000000,-144.00000,
,,,00.011190000000,-144.00000,
,,,00.011200000000,-144.00000,
,,,00.011210000000,-144.00000,
,,,00.011220000000,-146.00000,
,,,00.011230000000,-146.00000,
,,,00.011240000000,-146.00000,
,,,00.011250000000,-146.00000,
,,,00.011260000000,-146.00000,
,,,00.011270000000,-146.00000,
,,,00.011280000000,-146.00000,
,,,00.011290000000,-148.00000,
,,,00.011300000000,-148.00000,
,,,00.011310000000,-148.00000,
,,,00.011320000000,-148.00000,
,,,00.011330000000,-148.00000,
,,,00.011340000000,-150.00000,
,,,00.011350000000,-148.00000,
,,,00.011360000000,-150.00000,
,,,00.011370000000,-150.00000,
,,,00.011380000000,-150.00000,
,,,00.011390000000,-152.00000,
,,,00.011400000000,-152.00000,
,,,00.011410000000,-152.00000,
,,,00.011420000000,-152.00000,
,,,00.011430000000,-152.00000,
,,,00.011440000000,-152.00000,
,,,00.011450000000,-152.00000,
,,,00.011460000000,-152.00000,
,,,00.011470000000,-154.00000,
,,,00.011480000000,-154.00000,
,,,00.011490000000,-154.00000,
,,,00.011500000000,-154.00000,
,,,00.011510000000,-154.00000,
,,,00.011520000000,-156.00000,
,,,00.011530000000,-156.00000,
,,,00.011540000000,-156.00000,
,,,00.011550000000,-156.00000,
,,,00.011560000000,-156.00000,
,,,00.011570000000,-156.00000,
,,,00.011580000000,-158.00000,
,,,00.011590000000,-158.00000,
,,,00.011600000000,-158.00000,
,,,00.011610000000,-158.00000,
,,,00.011620000000,-158.00000,
,,,00.011630000000,-158.00000,
,,,00.011640000000,-158.00000,
,,,00.011650000000,-160.00000,
,,,00.011660000000,-158.00000,
,,,00.011670000000,-160.00000,
,,,00.011680000000,-160.00000,
,,,00.011690000000,-160.00000,
,,,00.011700000000,-160.00000,
,,,00.011710000000,-160.00000,
,,,00.011720000000,-160.00000,
,,,00.011730000000,-162.00000,
,,,00.011740000000,-162.00000,
,,,00.011750000000,-162.00000,
,,,00.011760000000,-162.00000,
,,,00.011770000000,-162.00000,
,,,00.011780000000,-162.00000,
,,,00.011790000000,-162.00000,
,,,00.011800000000,-162.00000,
,,,00.011810000000,-162.00000,
,,,00.011820000000,-162.00000,
,,,00.011830000000,-164.00000,
,,,00.011840000000,-164.00000,
,,,00.011850000000,-164.00000,
,,,00.011860000000,-164.00000,
,,,00.011870000000,-164.00000,
,,,00.011880000000,-166.00000,
,,,00.011890000000,-166.00000,
,,,00.011900000000,-166.00000,
,,,00.011910000000,-166.00000,
,,,00.011920000000,-166.00000,
,,,00.011930000000,-166.00000,
,,,00.011940000000,-166.00000,
,,,00.011950000000,-166.00000,
,,,00.011960000000,-166.00000,
,,,00.011970000000,-166.00000,
,,,00.011980000000,-166.00000,
,,,00.011990000000,-166.00000,
,,,00.012000000000,-166.00000,
,,,00.012010000000,-166.00000,
,,,00.012020000000,-166.00000,
,,,00.012030000000,-168.00000,
,,,00.012040000000,-168.00000,
,,,00.012050000000,-168.00000,
,,,00.012060000000,-168.00000,
,,,00.012070000000,-168.00000,
,,,00.012080000000,-168.00000,
,,,00.012090000000,-168.00000,
,,,00.012100000000,-168.00000,
,,,00.012110000000,-168.00000,
,,,00.012120000000,-168.00000,
,,,00.012130000000,-168.00000,
,,,00.012140000000,-168.00000,
,,,00.012150000000,-168.00000,
,,,00.012160000000,-170.00000,
,,,00.012170000000,-168.00000,
,,,00.012180000000,-170.00000,
,,,00.012190000000,-170.00000,
,,,00.012200000000,-170.00000,
,,,00.012210000000,-170.00000,
,,,00.012220000000,-170.00000,
,,,00.012230000000,-170.00000,
,,,00.012240000000,-170.00000,
,,,00.012250000000,-170.00000,
,,,00.012260000000,-170.00000,
,,,00.012270000000,-170.00000,
,,,00.012280000000,-170.00000,
,,,00.012290000000,-170.00000,
,,,00.012300000000,-170.00000,
,,,00.012310000000,-172.00000,
,,,00.012320000000,-170.00000,
,,,00.012330000000,-170.00000,
,,,00.012340000000,-172.00000,
,,,00.012350000000,-172.00000,
,,,00.012360000000,-172.00000,
,,,00.012370000000,-172.00000,
,,,00.012380000000,-172.00000,
,,,00.012390000000,-172.00000,
,,,00.012400000000,-172.00000,
,,,00.012410000000,-172.00000,
,,,00.012420000000,-172.00000,
,,,00.012430000000,-172.00000,
,,,00.012440000000,-172.00000,
,,,00.012450000000,-172.00000,
,,,00.012460000000,-172.00000,
,,,00.012470000000,-172.00000,
,,,00.012480000000,-172.00000,
,,,00.012490000000,-172.00000,
,,,00.012500000000,-172.00000,
,,,00.012510000000,-172.00000,
,,,00.012520000000,-174.00000,
,,,00.012530000000,-172.00000,
,,,00.012540000000,-174.00000,
,,,00.012550000000,-174.00000,
,,,00.012560000000,-174.00000,
,,,00.012570000000,-174.00000,
